,Component_1,Component_2,Component_3,Component_4,Component_5,Component_6,Component_7
Adilabad,0.04040841,-0.03656049,-0.07536586,0.08229427,0.032802287,-20222.625,0.02401904
Agra,0.00014525649,0.02264854,0.032672912,0.019596037,-0.0036370764,-35599.246,-0.006584435
Ahmadabad,0.00014525649,0.02264854,0.032672912,0.019596037,-0.0036370764,-35599.246,-0.006584435
Ahmadnagar,0.00014525649,0.02264854,0.032672912,0.019596037,-0.0036370764,-35599.246,-0.006584435
Aizawl,0.015538209,-0.0721396,-0.08850372,-0.33843383,0.074235864,-31516.793,0.27793863
Ajmer,0.04909488,-0.057602424,-0.058259223,-0.28917497,-0.34890375,-17575.783,0.15316924
Akola,0.06468232,-0.013859666,-0.09891006,-0.19413903,-0.1882403,-21701.49,0.08587839
Alappuzha,0.035062473,-0.045008335,-0.097227864,0.029735861,0.025263205,-30161.504,-0.008823374
Aligarh,0.07450495,-0.105948746,-0.059710015,-0.4377214,0.10166727,-21710.475,0.27307808
Alirajpur,0.026313337,-0.07760198,-0.058649555,0.05358636,-0.058265228,-18292.912,-0.14552036
Almora,0.010695565,-0.052788805,-0.08902211,-0.017720839,-0.009847524,-29260.076,0.099110305
Alwar,0.07739858,-0.049016856,-0.051887468,-0.23046802,-0.35159308,-13225.9795,0.1503956
Ambala,0.02927331,-0.03950326,-0.099583656,-0.044273537,-0.04995032,-27762.61,0.030783819
Ambedkar Nagar,0.030340398,-0.07317555,-0.061380986,-0.18766502,-0.18307494,-20132.49,0.1703711
Amravati,0.118983276,-0.004655748,-0.09988978,-0.3123062,-0.24233046,-20132.568,0.20090772
Amreli,0.028353944,-0.05930755,-0.08141485,0.01755915,0.0129228635,-26181.713,-0.04062468
Amritsar,0.062850304,-0.032508075,-0.11047763,0.016799688,-0.01633599,-29173.969,0.0541304
Anand,0.048334457,-0.053609055,-0.09272585,-0.009028716,-0.010393416,-28979.775,-0.008839651
Anantnag,0.01580726,-0.06785545,-0.0708328,0.31505355,-0.03803534,-21262.877,0.00379997
Anjaw,0.0010858213,-0.06231106,-0.10376266,0.030209688,0.0015924916,-34119.63,0.24305692
Anugul,0.024364661,-0.052968685,-0.083457805,0.054150637,-0.044439763,-26723.344,0.03253466
Anuppur,0.030836595,-0.05704695,-0.09592249,-0.049678136,0.08015046,-28308.744,-0.022885693
Araria,0.060225792,-0.04436737,-0.088175446,-0.06678235,0.11260046,-23434.541,-0.020477643
Ariyalur,0.030698888,-0.050626613,-0.09943246,0.00058021763,0.066053264,-29479.463,0.13949093
Arwal,0.011462945,-0.044266254,-0.09469479,-0.035563853,0.022238048,-26357.057,-0.022034476
Ashoknagar,0.12132502,-0.082449526,-0.07569071,-0.028216211,0.06880384,-23684.09,-0.10555043
Auraiya,0.023818081,-0.094167426,-0.0565237,-0.2971144,-0.015343306,-20923.762,0.13997763
Aurangabad,0.036349807,-0.05570576,-0.075008124,-0.019229457,0.028850779,-22404.176,-0.043760203
Azamgarh,0.060556386,-0.053323407,-0.06952432,-0.20577282,-0.045523908,-20357.87,0.13449803
Bagalkot,0.00014525649,0.02264854,0.032672912,0.019596037,-0.0036370764,-35599.246,-0.006584435
Bageshwar,0.008503697,-0.03851465,-0.10911846,0.018958887,-0.059004933,-31568.854,0.09884197
Baghpat,0.020140989,-0.07851174,-0.0661664,-0.29882523,0.026571468,-22934.088,0.16174272
Bahraich,0.0626564,-0.09059705,-0.042782363,-0.32263124,-0.13011491,-14826.482,0.27428412
Baksa,0.004746573,-0.087070785,-0.08805028,-0.55276847,0.2814487,-32747.432,0.21481141
Balaghat,0.048848223,-0.07198523,-0.08561236,0.3116212,0.10607571,-24847.684,0.036842275
Balangir,0.038941834,-0.050092664,-0.09337526,0.066262,-0.0048072077,-27945.262,0.043596774
Baleshwar,0.00014525649,0.02264854,0.032672912,0.019596037,-0.0036370764,-35599.246,-0.006584435
Ballia,0.04808994,-0.06707807,-0.06391706,-0.19267319,-0.15180247,-20003.95,0.14105013
Balrampur,0.07752509,-0.06274206,-0.059913572,-0.34696272,0.058489766,-18187.465,0.23995426
Banas Kantha,0.00014525649,0.02264854,0.032672912,0.019596037,-0.0036370764,-35599.246,-0.006584435
Banda,0.03406312,-0.079225235,-0.058304932,-0.23577027,-0.12995042,-19138.73,0.12938237
Banka,0.03864948,-0.060345724,-0.08499368,-0.05754161,0.10767371,-26480.545,-0.012023764
Bankura,0.03913841,-0.056002244,-0.0673203,-0.020110063,-0.02687521,-21437.943,-0.045902714
Banswara,0.03325205,-0.07037082,-0.05044795,-0.35209113,-0.5039349,-14021.102,0.113081805
Bara Banki,0.00014525649,0.02264854,0.032672912,0.019596037,-0.0036370764,-35599.246,-0.006584435
Baramula,0.00014525649,0.02264854,0.032672912,0.019596037,-0.0036370764,-35599.246,-0.006584435
Baran,0.02552086,-0.049495976,-0.060142674,-0.14530423,-0.25485677,-15460.469,0.028769674
Barddhaman,0.00014525649,0.02264854,0.032672912,0.019596037,-0.0036370764,-35599.246,-0.006584435
Bareilly,0.08582252,-0.090950035,-0.044039045,-0.3847263,-0.0060673254,-15213.169,0.16120635
Bargarh,0.02921787,-0.053647954,-0.079624884,0.12337751,-0.0527677,-23669.703,0.057882383
Barmer,0.07020716,-0.06618964,-0.045602754,-0.30917156,-0.41378987,-12501.82,0.12338298
Barnala,0.013409705,-0.042585954,-0.106149256,0.16691235,0.0023969312,-29858.861,0.10551348
Barpeta,0.025125427,-0.077951476,-0.059055015,-0.6146336,0.22341679,-18784.246,0.2696531
Barwani,0.06325641,-0.077712886,-0.0752602,-0.03404277,0.01444275,-23554.36,-0.007761185
Bastar,0.030318359,-0.012485879,-0.1151285,0.20356561,0.010112063,-25922.56,0.043681055
Basti,0.059775874,-0.07627905,-0.053829577,-0.28371912,-0.06821888,-18324.98,0.12997806
Bathinda,0.03596459,-0.040590245,-0.094825126,0.17746852,0.028967634,-25234.982,0.017708981
Begusarai,0.057518378,-0.05343633,-0.086326055,-0.07532053,0.0855858,-25366.018,0.024856005
Betul,0.06206198,-0.050149716,-0.09067388,0.07226224,0.022637552,-24333.213,-0.0023425445
Bhadrak,0.038101796,-0.06026916,-0.07520461,0.045845486,-0.091963865,-24417.588,0.023110287
Bhagalpur,0.05695331,-0.048902236,-0.088588595,-0.05952943,0.112214305,-25372.066,0.021821052
Bhandara,0.03393011,-0.021443985,-0.110819854,-0.21689434,-0.18161896,-26139.922,0.17273317
Bharatpur,0.050865475,-0.058066647,-0.061272472,-0.18126696,-0.32045457,-16988.04,0.106974594
Bharuch,0.031383883,-0.06211468,-0.08898303,0.005909017,-0.0074130604,-29271.18,0.046009332
Bhavnagar,0.05948415,-0.056431204,-0.09177364,0.024211932,0.012828063,-27347.072,-0.010340043
Bhilwara,0.037217386,-0.056562327,-0.046202853,-0.35204932,-0.34981474,-12187.237,0.08995067
Bhind,0.032645985,-0.0906419,-0.046639908,-0.043928444,0.015420385,-16565.756,-0.11943014
Bhiwani,0.03758167,-0.043923922,-0.09263387,-0.017837161,-0.07419367,-25424.852,0.053107392
Bhojpur,0.03786782,-0.046365585,-0.09525662,0.025928026,0.010854411,-26950.63,0.0035772468
Bhopal,0.07187729,-0.051031772,-0.08130527,0.007869032,0.06960416,-23302.33,-0.01348452
Bidar,0.02806887,-0.055258475,-0.069560945,0.098153494,-0.060637098,-19716.123,-0.025072241
Bijapur,0.007727519,-0.027401147,-0.107830696,-0.043938566,0.13651548,-27114.225,0.06087369
Bijnor,0.08026381,-0.0840432,-0.04851534,-0.28343412,-0.0118515985,-16518.025,0.11527479
Bikaner,0.04610573,-0.043222796,-0.0817384,-0.20367397,-0.23147422,-21496.877,0.13965844
Bilaspur,0.07243597,-0.013980602,-0.09096927,0.17693008,-0.0134819085,-22137.19,0.12120707
Birbhum,0.03763296,-0.043939944,-0.07160925,0.018576128,-0.023106514,-19335.83,-0.0644292
Bishnupur,0.010094604,-0.086607054,-0.051132407,-0.040097676,-0.1606991,-16365.554,0.074857555
Bokaro,0.04311961,-0.04558593,-0.10041292,-0.05755838,-0.001823684,-28989.334,0.048162494
Bongaigaon,0.009569376,-0.08320525,-0.07685658,-0.3919282,0.18685474,-26152.531,0.24906164
Budaun,0.03773702,-0.08005474,-0.055516712,-0.3042249,-0.073646195,-19147.412,0.19541885
Bulandshahr,0.06689838,-0.096616104,-0.05808182,-0.37965778,0.1076354,-21974.855,0.20978802
Buldana,0.00014525649,0.02264854,0.032672912,0.019596037,-0.0036370764,-35599.246,-0.006584435
Bundi,0.02184628,-0.05796679,-0.05676567,-0.16785647,-0.2678605,-15730.656,0.01313977
Burhanpur,0.030655444,-0.056769546,-0.0885368,0.06715884,0.022052163,-25135.41,-0.009722574
Buxar,0.021425968,-0.045144364,-0.08932908,-0.0318471,0.03644505,-25213.736,-0.004456055
Cachar,0.00014525649,0.02264854,0.032672912,0.019596037,-0.0036370764,-35599.246,-0.006584435
Central,0.00014525649,0.02264854,0.032672912,0.019596037,-0.0036370764,-35599.246,-0.006584435
Chamba,0.012139896,-0.03929865,-0.12662023,-0.018846706,-0.0038632862,-38167.496,0.3562375
Chamoli,0.011276471,-0.056326736,-0.094121136,0.028239673,-0.10742123,-30331.928,0.11216306
Champawat,0.007913995,-0.058313332,-0.0850847,0.084754966,-0.060309492,-26126.37,0.055235907
Champhai,0.0071815867,-0.06575281,-0.11234597,-0.62310666,0.14240862,-38482.992,0.3725284
Chamrajnagar,0.00014525649,0.02264854,0.032672912,0.019596037,-0.0036370764,-35599.246,-0.006584435
Chandauli,0.03347106,-0.0809892,-0.06688616,-0.46204585,-0.03942216,-22354.393,0.22058049
Chandel,0.0046544704,-0.07115102,-0.081551485,0.13158323,-0.10033269,-28490.484,0.08693131
Chandigarh,0.037017018,-0.096556686,-0.03420694,-0.010170216,-0.23787749,-14171.828,-0.17405976
Chandrapur,0.07038167,-0.00998906,-0.091855176,-0.11959568,-0.107924744,-19164.965,0.082251556
Changlang,0.0014587246,-0.07041462,-0.09279107,0.09177768,0.14700215,-30751.244,0.24269809
Chatra,0.025933381,-0.053446207,-0.08497272,-0.099943824,-0.057208426,-23698.764,0.03127229
Chennai,0.08026925,-0.03100785,-0.08418791,0.13913678,0.022081379,-22852.348,0.19857317
Chhatarpur,0.067683116,-0.08115029,-0.06617295,-0.0032946626,0.0059649185,-20479.746,-0.095388144
Chhindwara,0.05494561,-0.05222433,-0.08650461,0.080472276,0.0034239087,-23596.07,-0.04614486
Chikkaballapura,0.01521004,-0.05698434,-0.08121734,0.0064156665,0.068782486,-24742.088,-0.0073814974
Chikmagalur,0.00014525649,0.02264854,0.032672912,0.019596037,-0.0036370764,-35599.246,-0.006584435
Chirang,0.00646757,-0.07965579,-0.07542585,-0.21857908,0.22781049,-25600.08,0.14296658
Chitradurga,0.023136608,-0.058362074,-0.08104051,0.06792507,0.028098453,-25056.559,-0.03825784
Chitrakoot,0.02170349,-0.08683725,-0.05809861,-0.28482866,-0.017709903,-19813.402,0.15677904
Chittaurgarh,0.00014525649,0.02264854,0.032672912,0.019596037,-0.0036370764,-35599.246,-0.006584435
Chittoor,0.09026552,-0.06387785,-0.06986251,-0.035450235,0.43445757,-22376.324,0.08297127
Churachandpur,0.006650829,-0.068018,-0.06969505,0.0722524,-0.05911889,-24873.516,0.10801996
Churu,0.046762828,-0.05065905,-0.07289386,-0.22388382,-0.27412018,-19511.422,0.14112891
Coimbatore,0.08543723,-0.027811209,-0.10726502,0.033155113,0.06324798,-28070.895,0.04069694
Cuddalore,0.055850755,-0.048737615,-0.0762668,0.08979394,0.16505885,-21872.883,0.08425981
Cuttack,0.05546789,-0.051534664,-0.08263614,0.12314198,-0.055408064,-25280.562,-0.0033741894
Dadra & Nagar Haveli,0.00014525649,0.02264854,0.032672912,0.019596037,-0.0036370764,-35599.246,-0.006584435
Dakshin Bastar Dantewada,0.00014525649,0.02264854,0.032672912,0.019596037,-0.0036370764,-35599.246,-0.006584435
Dakshina Kannada,0.030886572,-0.06408031,-0.08348524,0.07588713,0.03609087,-28654.496,-0.006324495
Damoh,0.05992887,-0.081207335,-0.08062157,-0.031665817,0.101191476,-24561.404,-0.10192768
Darbhanga,0.079832874,-0.043958917,-0.08030039,-0.08483676,0.062568374,-21023.223,-0.026105369
Darrang,0.009310865,-0.08816562,-0.07564782,-0.1969671,0.015800662,-26649.578,0.11127801
Datia,0.019125206,-0.08158301,-0.06169067,-0.039517753,0.040616766,-19721.666,-0.10359591
Dausa,0.036819708,-0.054097567,-0.06192349,-0.3096962,-0.3405836,-16541.307,0.14545776
Davanagere,0.037428625,-0.04478612,-0.09415498,-0.0021053052,0.06688854,-27870.805,-0.027700482
Debagarh,0.005903969,-0.062418994,-0.08316625,0.14226787,-0.031134581,-25501.855,0.07299394
Dehradun,0.041017547,-0.041541833,-0.072276354,0.040741757,-0.11154194,-20497.73,0.10393834
Deoghar,0.026555622,-0.05495701,-0.089992166,-0.05610754,0.010300162,-26857.115,0.0628015
Deoria,0.05098918,-0.06204447,-0.074307546,-0.22173186,-0.043723695,-22204.826,0.12603028
Dewas,0.0476526,-0.05792773,-0.07781398,0.08601538,0.0075552897,-21880.768,-0.0893041
Dhalai,0.014837593,-0.069293916,-0.09220535,-0.040044993,0.16172275,-30015.496,0.06956208
Dhamtari,0.030464115,-0.01578782,-0.11846548,0.2304732,-0.02089428,-28643.932,0.086008735
Dhanbad,0.0630804,-0.038000192,-0.1124105,-0.021039229,0.025673114,-31342.525,0.027596701
Dhar,0.063633926,-0.073381886,-0.07544553,0.015000093,0.026992759,-23176.209,-0.1054924
Dharmapuri,0.033956956,-0.06283406,-0.07227879,0.07886811,0.120080665,-22841.275,0.15472564
Dharwad,0.03525546,-0.053905483,-0.08380331,0.03610216,0.02604234,-25540.531,-0.011171897
Dhemaji,0.0061401064,-0.07961649,-0.07161747,-0.3376735,0.004596021,-24912.385,0.13487557
Dhenkanal,0.029701332,-0.051909365,-0.09298674,0.119676694,-0.014698114,-27574.162,0.10071562
Dhubri,0.017981833,-0.08060348,-0.067976564,-0.47244015,0.14672664,-22292.818,0.21263985
Dhule,0.070946656,-0.02721777,-0.08844027,-0.12056944,-0.17886806,-20371.615,0.063765794
Dibang Valley,0.0028636677,-0.0707374,-0.10544023,0.1711349,0.038385153,-40813.18,0.19245896
Dibrugarh,0.011973642,-0.08254862,-0.06922484,-0.018958354,-0.059222262,-26072.283,0.050935816
Dima Hasao,0.0034908769,-0.09020959,-0.08275254,-0.14804721,-0.08391214,-32116.545,0.16886215
Dimapur,0.008413731,-0.02599541,-0.12544669,0.06649227,0.046236634,-33870.57,0.1756034
Dindigul,0.07013846,-0.022437073,-0.106834404,0.0060378863,0.034996796,-26328.438,0.090542264
Dindori,0.02711206,-0.07601342,-0.08031316,0.07314002,0.020649007,-24737.828,-0.012335474
Diu,0.00036088956,-0.04901848,-0.10929953,-0.2749273,0.21730804,-36903.7,0.22464007
Doda,0.012137106,-0.045111813,-0.0930031,0.10128032,0.020850902,-27038.514,0.0904947
Dumka,0.030224424,-0.04743112,-0.099733785,-0.103946805,0.08247549,-28682.293,0.10830743
Dungarpur,0.030114478,-0.071364515,-0.05776868,-0.32982594,-0.45203578,-17120.594,0.17214918
Durg,0.056871228,-0.007439102,-0.10602989,0.1887806,-0.021372693,-24386.105,0.21761973
East,0.00014525649,0.02264854,0.032672912,0.019596037,-0.0036370764,-35599.246,-0.006584435
East Garo Hills,0.0032969106,-0.052043673,-0.10724137,0.11732033,-0.037426166,-33806.598,0.0055716815
East Godavari,0.10887663,-0.0697212,-0.06780639,0.016205024,0.40061775,-22750.3,0.10845152
East Kameng,0.0016465489,-0.07040121,-0.085063085,0.15184285,-0.013040026,-28399.41,0.16793798
East Khasi Hills,0.009184247,-0.045210507,-0.108412564,0.06000336,0.009066261,-34105.94,0.084967375
East Siang,0.0030067845,-0.07305528,-0.10148141,-0.03841664,0.040318593,-35124.457,0.372586
Ernakulam,0.05916641,-0.04707962,-0.09940039,0.026439635,0.041862246,-29969.93,0.007893178
Erode,0.048528835,-0.022500122,-0.09595747,0.036335945,0.04094701,-24460.209,0.16059683
Etah,0.034269493,-0.10517934,-0.0891651,-0.55888337,0.17543487,-30820.982,0.28095934
Etawah,0.028648982,-0.077002585,-0.07302377,-0.3825822,-0.063327566,-23730.406,0.22856688
Faridabad,0.04373736,-0.04680585,-0.08287242,0.074664265,-0.06242503,-23331.113,0.09002533
Faridkot,0.014885612,-0.03898667,-0.09920526,0.06930976,-0.018821258,-25693.596,-0.010499718
Farrukhabad,0.026319083,-0.09106465,-0.06393458,-0.37611333,-0.037783347,-22548.66,0.23670174
Fatehabad,0.025592837,-0.038057126,-0.09635074,-0.11321498,-0.035524275,-25676.395,0.08891107
Fatehgarh Sahib,0.01407684,-0.04485308,-0.09188554,0.123659015,-0.009612917,-27690.54,0.04369757
Fatehpur,0.064249456,-0.07500219,-0.051973753,-0.18550317,-0.11675674,-17530.143,0.09434992
Firozabad,0.04245892,-0.084624365,-0.0854118,-0.47926903,0.023849204,-29356.621,0.31505367
Gadag,0.01632353,-0.066956244,-0.07115083,-0.034034453,0.05690805,-24463.408,-0.05021979
Gajapati,0.022340784,-0.0629762,-0.08064526,0.15413739,-0.032642104,-24692.77,0.03883819
Ganderbal,0.005264728,-0.063275486,-0.09804429,0.3364758,-0.016790237,-29510.977,0.13767688
Gandhinagar,0.03327922,-0.051519543,-0.09370686,-0.013142336,0.007726961,-29184.58,-0.004989501
Ganganagar,0.03696455,-0.042351205,-0.08140926,-0.1766901,-0.23279218,-21843.28,0.087175325
Ganjam,0.07011867,-0.051492587,-0.078757636,0.1317454,0.021229208,-23826.19,0.0330037
Garhchiroli,0.00014525649,0.02264854,0.032672912,0.019596037,-0.0036370764,-35599.246,-0.006584435
Garhwa,0.041309323,-0.0384876,-0.098178916,-0.031885885,0.020750944,-25849.018,-0.016673367
Gautam Buddha Nagar,0.03398676,-0.065020904,-0.07958924,-0.21153799,0.03414009,-25898.602,0.12188414
Gaya,0.07511227,-0.05337415,-0.090130635,-0.038201123,0.07876285,-25461.596,-0.029653665
Ghaziabad,0.07345879,-0.06197623,-0.07583243,-0.15649389,0.03329506,-22757.334,0.1197912
Ghazipur,0.053507563,-0.07351521,-0.06668957,-0.3508425,-0.042648446,-21672.873,0.18808098
Giridih,0.044125654,-0.05458562,-0.089352414,-0.040220488,0.02162835,-25203.746,0.031771462
Goalpara,0.006743384,-0.07679789,-0.06931241,-0.1513789,0.0817762,-23275.906,0.095509835
Godda,0.031312544,-0.05497347,-0.092706904,-0.038564134,0.121236935,-27551.598,0.089321084
Golaghat,0.005993286,-0.06940689,-0.06906158,0.026189774,-0.010505997,-24403.46,0.0505808
Gonda,0.0549683,-0.07323425,-0.059824888,-0.26171982,-0.024343822,-19391.059,0.17192896
Gondiya,0.00014525649,0.02264854,0.032672912,0.019596037,-0.0036370764,-35599.246,-0.006584435
Gopalganj,0.03937475,-0.0445783,-0.086701564,-0.05606639,0.07318744,-23221.266,-0.016827017
Gorakhpur,0.06497276,-0.039497692,-0.08271247,-0.06546095,-0.06442891,-21780.24,0.08476433
Gumla,0.03320224,-0.036058187,-0.10156873,-0.0118296305,0.015983026,-27296.096,0.044668186
Guna,0.058537025,-0.07463127,-0.07962249,-0.11209393,0.1034624,-25103.861,-0.07610532
Guntur,0.10860367,-0.066379,-0.077807054,-0.03691349,0.434053,-24936.111,0.07620459
Gurdaspur,0.049368303,-0.030420952,-0.10743557,-0.0067301546,-0.026887234,-27542.26,-0.0023712642
Gwalior,0.050899334,-0.06686865,-0.077035524,-0.027649088,0.04999611,-23261.3,0.005437642
Hailakandi,0.007565791,-0.100517474,-0.03917643,0.028408961,-0.092693605,-16148.49,-0.0896473
Hamirpur,0.029704323,-0.053961765,-0.0903695,-0.14105439,-0.086731285,-29833.217,0.1814789
Hanumangarh,0.034880586,-0.04291237,-0.07815041,-0.17762153,-0.25083685,-20275.014,0.08195405
Harda,0.019305265,-0.03103665,-0.11001455,-0.05075392,0.040437035,-28441.438,0.027030738
Hardoi,0.072988175,-0.09158717,-0.05716523,-0.5692937,-0.06364088,-18938.441,0.3819991
Hardwar,0.00014525649,0.02264854,0.032672912,0.019596037,-0.0036370764,-35599.246,-0.006584435
Hassan,0.021810064,-0.059611652,-0.07957849,-0.0034907467,0.06593289,-28028.03,-0.040232528
Haveri,0.027465899,-0.05087633,-0.07995195,-0.042025793,0.062491473,-24605.28,-0.0067515676
Hazaribagh,0.032910362,-0.051576473,-0.089989334,-0.047279947,0.059436582,-27937.408,0.014804267
Hingoli,0.03947846,-0.030478282,-0.09215109,-0.12187938,-0.172328,-22428.951,0.083627224
Hisar,0.04410915,-0.043618347,-0.084569015,-0.046257664,-0.0709102,-23211.992,0.042861626
Hoshiarpur,0.03857301,-0.041837245,-0.10387508,0.07694136,-0.030332614,-30026.518,-0.004354348
Hyderabad,0.11224792,-0.015837248,-0.062989004,0.10927426,-0.02832186,-13837.438,0.066433854
Idukki,0.019487668,-0.048380308,-0.09989784,0.011273805,0.02290485,-30962.596,0.0050761183
Imphal East,0.021031577,-0.07000741,-0.050556935,0.062131282,-0.15486431,-15878.772,0.035871804
Imphal West,0.019881366,-0.067269325,-0.06413965,0.02525863,-0.1166448,-19762.635,0.14233156
Indore,0.08220499,-0.046655476,-0.07673078,-0.006787443,0.04914268,-20837.473,0.026464112
Jabalpur,0.056944557,-0.058163594,-0.05836662,-0.006370636,-0.009006538,-16076.049,-0.07404798
Jagatsinghapur,0.02003231,-0.041602325,-0.09851379,0.11167029,0.012695537,-29321.314,0.086289115
Jaintia Hills,0.00014525649,0.02264854,0.032672912,0.019596037,-0.0036370764,-35599.246,-0.006584435
Jaipur,0.12776496,-0.030463636,-0.06197203,-0.15044191,-0.22443348,-14007.249,0.09639627
Jaisalmer,0.017729618,-0.07060645,-0.06442166,-0.15507652,-0.26647753,-20465.477,0.040323604
Jajapur,0.00014525649,0.02264854,0.032672912,0.019596037,-0.0036370764,-35599.246,-0.006584435
Jalandhar,0.05692052,-0.031375073,-0.11387766,0.03638203,0.009312794,-31464.8,0.050345574
Jalaun,0.028333977,-0.0811685,-0.06065046,-0.24431367,-0.054348923,-20976.982,0.09778565
Jalgaon,0.14591502,-0.010706562,-0.07566114,-0.12450141,-0.2022559,-14331.384,0.11403638
Jalna,0.06574742,-0.02642709,-0.07947201,-0.19605199,-0.21802887,-18687.154,0.10953185
Jalor,0.00014525649,0.02264854,0.032672912,0.019596037,-0.0036370764,-35599.246,-0.006584435
Jalpaiguri,0.03094806,-0.042874005,-0.08904207,-0.015884846,-0.03551655,-26397.959,-0.011186141
Jammu,0.034049287,-0.03483171,-0.103099816,0.13728309,-0.016779961,-28870.547,0.16891007
Jamnagar,0.033751532,-0.05752752,-0.08992465,0.022774044,0.023380112,-28593.762,-0.0015437222
Jamtara,0.015033671,-0.047291316,-0.09265048,0.009487269,0.03022236,-24696.225,0.0012664222
Jamui,0.029366074,-0.06646904,-0.068490006,0.117373325,0.081929095,-19908.781,-0.06641992
Janjgir-Champa,0.06141069,-0.007334287,-0.10667463,0.15594423,-0.031667393,-23006.264,0.060652234
Jashpur,0.023069816,-0.020920642,-0.108533956,0.28817448,0.014912661,-25326.078,0.09430993
Jaunpur,0.06328462,-0.06304541,-0.056138165,-0.25748172,-0.11276665,-17604.922,0.13210526
Jehanabad,0.014129558,-0.04707807,-0.09134555,-0.041350238,0.03581725,-27037.662,-0.009756942
Jhabua,0.039216153,-0.09113464,-0.058777507,0.10815995,-0.03915303,-19827.049,-0.18299393
Jhajjar,0.021257313,-0.04154569,-0.0898113,-0.048313316,-0.07819303,-24824.215,0.053173233
Jhalawar,0.025596868,-0.049029242,-0.06708404,-0.447591,-0.39120287,-17314.37,0.18850772
Jhansi,0.039428253,-0.06750631,-0.06495421,-0.25213116,-0.08331361,-20514.502,0.15100083
Jharsuguda,0.008751734,-0.053091377,-0.09221986,0.072033085,0.038724184,-29110.244,0.111259885
Jhunjhunun,0.00014525649,0.02264854,0.032672912,0.019596037,-0.0036370764,-35599.246,-0.006584435
Jind,0.032507066,-0.03152503,-0.09425643,-0.03972665,-0.045746528,-22420.033,0.041436404
Jodhpur,0.07933344,-0.052445024,-0.05645672,-0.20348208,-0.30432078,-15016.59,0.09651606
Jorhat,0.0052779736,-0.08270411,-0.06381308,-0.11190879,0.017731514,-26070.326,0.08830868
Junagadh,0.041303363,-0.033453565,-0.10684063,0.039976228,0.0011420535,-29358.01,-0.0017345691
Kachchh,0.052353755,-0.06531358,-0.08357273,-0.043542013,0.083367035,-28062.072,-0.004996722
Kaimur (Bhabua),0.00014525649,0.02264854,0.032672912,0.019596037,-0.0036370764,-35599.246,-0.006584435
Kaithal,0.03161944,-0.044476207,-0.08245186,-0.06690398,-0.1648421,-20792.854,0.027463024
Kalahandi,0.036885258,-0.053754084,-0.081962824,0.067784496,-0.082162306,-23031.01,0.024312384
Kamrup,0.014002824,-0.08989933,-0.08644791,-0.546021,0.21040593,-31169.715,0.2368918
Kancheepuram,0.00014525649,0.02264854,0.032672912,0.019596037,-0.0036370764,-35599.246,-0.006584435
Kandhamal,0.022997223,-0.05488227,-0.09166014,0.13264048,0.0060567055,-27942.582,0.05952798
Kangra,0.030898325,-0.038758267,-0.10546541,0.0007708811,-0.0043169595,-32477.447,0.23895893
Kannauj,0.026029803,-0.09627963,-0.06670783,-0.37474898,-0.071702264,-23187.742,0.23151667
Kanniyakumari,0.00014525649,0.02264854,0.032672912,0.019596037,-0.0036370764,-35599.246,-0.006584435
Kannur,0.045186017,-0.04500925,-0.08823246,-0.006453974,0.041601494,-25759.338,-0.035215933
Kanpur Dehat,0.02848561,-0.09586417,-0.069259346,-0.38128424,0.03317552,-24534.62,0.20160696
Kanpur Nagar,0.064870685,-0.0499154,-0.07135897,-0.18428966,-0.07571507,-20544.32,0.13171482
Kapurthala,0.022797193,-0.037632924,-0.11452911,0.07831095,0.00068147643,-32651.2,0.03953667
Karaikal,0.0045078644,-0.030820431,-0.10635554,-0.049691875,-0.028028985,-28097.164,0.04330473
Karauli,0.02922741,-0.07548708,-0.06700943,-0.23171388,-0.2992987,-21220.934,0.18326633
Karbi Anglong,0.008080362,-0.06074682,-0.08937637,-0.22191611,0.22219978,-28234.064,0.27539286
Kargil,0.0044657197,-0.053864256,-0.13517533,-0.44294828,-0.101449236,-45805.074,0.4739888
Karimganj,0.008642523,-0.07736125,-0.07311555,0.027085226,0.028782262,-24748.46,0.17601885
Karimnagar,0.05165637,-0.041630644,-0.07616138,0.11585495,0.08733678,-22837.11,-0.020090993
Karnal,0.03451316,-0.02566783,-0.10297743,-0.06408523,-0.074298576,-24341.455,0.06294006
Karur,0.019532816,-0.04317141,-0.090589,0.10891903,0.09905447,-26681.57,0.09088673
Kasaragod,0.028795121,-0.053673998,-0.086248346,-0.07749588,0.108185306,-26704.4,-0.04649343
Kathua,0.015125453,-0.07014903,-0.07859349,0.16550174,-0.07052747,-25465.195,0.11492584
Katihar,0.08124596,-0.040384337,-0.080801174,-0.026950514,0.123287685,-19725.537,-0.048112113
Katni,0.036170874,-0.07123779,-0.06413183,0.26191625,-0.0682302,-18312.953,-0.09206747
Kaushambi,0.03576631,-0.109865196,-0.06763583,-0.70135427,0.08425692,-23378.422,0.26976338
Kendrapara,0.02874127,-0.053663556,-0.08299532,0.12467701,-0.03189958,-25920.137,0.058112204
Kendujhar,0.03893739,-0.050584465,-0.08823093,0.09299088,0.008882954,-26091.66,0.039890684
Khagaria,0.029941417,-0.055432666,-0.077008955,0.021685474,0.054657355,-21408.164,-0.041539814
Khammam,0.03310257,-0.05712197,-0.0728829,0.015962588,-0.031158097,-23741.402,0.12986219
Kheda,0.0485749,-0.050192937,-0.09301818,-0.013438268,0.02738892,-27549.037,-0.036904845
Kheri,0.00014525649,0.02264854,0.032672912,0.019596037,-0.0036370764,-35599.246,-0.006584435
Khordha,0.04369054,-0.03980027,-0.09434768,0.07148362,0.00095137494,-28565.21,0.019971546
Khunti,0.016224036,-0.033155687,-0.10611472,-0.029861653,0.022280488,-27879.596,0.021021435
Kinnaur,0.0035319494,-0.054730568,-0.10659444,-0.012801665,-0.0064400956,-38329.586,0.18712139
Kiphire,0.0012334887,-0.022826193,-0.1368443,-0.16113454,-0.030142613,-35277.848,0.26961237
Kishanganj,0.046440367,-0.030470083,-0.083417535,0.09820085,0.099206254,-18451.705,-0.044963542
Kishtwar,0.008672447,-0.06515491,-0.08113131,0.029873023,-0.04700566,-23997.424,0.0069392542
Kodagu,0.008151629,-0.064119495,-0.08174027,0.04685851,0.04877174,-28987.22,-0.07352791
Kodarma,0.017564671,-0.046354767,-0.09751106,-0.043985516,0.009554841,-27738.016,0.042235233
Kohima,0.00546241,-0.013037109,-0.12885216,-0.078690976,-0.06870676,-32962.22,0.11756406
Kokrajhar,0.008413509,-0.075251825,-0.07719813,-0.45054013,0.22439083,-26688.818,0.15039061
Kolar,0.024522288,-0.056959838,-0.0858154,0.077979095,0.036331855,-26033.262,-0.00981142
Kolasib,0.0038206875,-0.07044054,-0.08177351,-0.29970598,0.16861546,-31061.46,0.23639536
Kolhapur,0.09671714,-0.0311006,-0.09071779,-0.37165368,-0.19656548,-23305.055,0.21755776
Kolkata,0.034003828,-0.025160452,-0.11029006,0.017245058,-0.02712787,-30018.098,0.03640327
Kollam,0.05073646,-0.042199794,-0.09796017,-0.016088314,0.026977476,-29089.465,0.010124937
Koppal,0.02234914,-0.068756625,-0.062537365,0.123345695,0.053127225,-19961.043,-0.12365506
Koraput,0.041764803,-0.05589119,-0.08586709,-0.009893071,0.0063599003,-26379.166,0.031050926
Korba,0.036013257,-0.019767523,-0.10626169,-0.124959655,-0.024565129,-25726.57,0.10533966
Koriya,0.020665878,-0.024244625,-0.10850853,0.08745912,-0.014796425,-28158.492,0.0641842
Kota,0.034840003,-0.060898617,-0.05727501,-0.19766611,-0.26806745,-16649.025,0.016422391
Kottayam,0.031014778,-0.045653816,-0.097195335,0.036560636,0.020334357,-30395.031,-0.0071045626
Kozhikode,0.05543362,-0.039876293,-0.09148558,-0.006396735,0.06714741,-25663.615,0.025362024
Krishna,0.08555931,-0.06395193,-0.072222404,-0.017499229,0.35222778,-23609.512,0.054019377
Krishnagiri,0.037495714,-0.045592546,-0.0702188,0.08360874,0.14335577,-20217.686,0.19078636
Kulgam,0.011487894,-0.09196619,-0.08425256,0.12131487,-0.08313318,-28945.176,0.21416955
Kullu,0.0077010924,-0.044691686,-0.11372924,0.06948649,0.08671364,-36734.168,0.23636085
Kupwara,0.018800404,-0.05914885,-0.08480266,0.13146615,-0.022814453,-23956.043,0.043927897
Kurnool,0.13309632,-0.07868148,-0.073233366,-0.17821465,0.52879816,-23561.488,0.06950239
Kurukshetra,0.025710713,-0.025051067,-0.10435817,-0.06732549,-0.04583975,-24747.846,0.048227135
Kurung Kumey,0.0014111468,-0.04523196,-0.122983344,0.393449,-0.09293419,-34051.12,0.38265514
Kushinagar,0.052561883,-0.056333955,-0.067093864,-0.1337764,-0.09336436,-19035.51,0.09384429
Lakhimpur,0.007890854,-0.07148528,-0.0833096,-0.2728861,0.121443324,-27023.49,0.13753274
Lakhisarai,0.018055134,-0.050807796,-0.08785116,-0.065383196,0.05405189,-25172.451,0.01659657
Lakshadweep,0.00014525649,0.02264854,0.032672912,0.019596037,-0.0036370764,-35599.246,-0.006584435
Lalitpur,0.02812972,-0.08131744,-0.05341028,-0.15538155,-0.14426127,-17454.176,0.04511438
Latehar,0.016210264,-0.049870983,-0.09129206,-0.14104423,0.06627818,-26438.973,0.0794961
Latur,0.094411336,-0.017801689,-0.105475955,-0.1859237,-0.14338389,-23762.846,0.12693505
Lawangtlai,0.00014525649,0.02264854,0.032672912,0.019596037,-0.0036370764,-35599.246,-0.006584435
Leh (Ladakh),0.00014525649,0.02264854,0.032672912,0.019596037,-0.0036370764,-35599.246,-0.006584435
Lohardaga,0.016662847,-0.03656674,-0.11330073,-0.033956017,0.024472035,-31824.746,0.056830887
Lohit,0.0027148728,-0.04767554,-0.12674357,0.06070251,-0.006988478,-38937.113,0.24843822
Longleng,0.0031761033,-0.026018988,-0.1379217,-0.14370726,-0.08537739,-40124.883,0.17465697
Lower Dibang Valley,-6.963696e-05,-0.062458705,-0.10236829,0.05834544,0.061817165,-31634.049,0.29099947
Lower Subansiri,0.0018504375,-0.071107104,-0.058000617,0.052622996,-0.23046324,-20614.654,0.06994671
Lucknow,0.08032497,-0.061519567,-0.06787794,-0.1268538,-0.048140474,-20937.248,0.122073084
Ludhiana,0.07736192,-0.044586044,-0.09609845,0.010565958,-0.01772317,-28189.332,0.04068368
Lunglei,0.0078217555,-0.08034263,-0.09793424,-0.2369622,0.2252826,-35946.64,0.14709334
Madhepura,0.0447615,-0.04958494,-0.08677654,-0.02963565,0.05417624,-23474.639,-0.047989402
Madhubani,0.092218384,-0.04728262,-0.083299495,-0.009694502,0.086680576,-22250.125,-0.023376938
Madurai,0.076377094,-0.035126787,-0.090198465,0.10446941,0.0779527,-23787.668,0.14679654
Maharajganj,0.035349768,-0.06335418,-0.06317164,-0.11746654,-0.09374791,-18494.977,0.09667249
Mahasamund,0.036140524,-0.024841191,-0.11065168,0.2951136,-0.029105686,-24664.686,0.018878976
Mahbubnagar,0.00014525649,0.02264854,0.032672912,0.019596037,-0.0036370764,-35599.246,-0.006584435
Mahendragarh,0.016373882,-0.03900925,-0.09297449,0.012400024,-0.061946053,-23177.271,0.05445939
Mahesana,0.041945532,-0.050893057,-0.0889828,0.014498316,-0.02466469,-27089.232,-0.04219122
Mahoba,0.016038373,-0.09190522,-0.051389433,-0.27345562,-0.07057738,-18537.703,0.13141552
Mainpuri,0.026229229,-0.080382474,-0.06865661,-0.28267545,-0.12388506,-22928.223,0.18528685
Malappuram,0.08507898,-0.04241374,-0.0788404,-0.06824998,0.04468408,-21629.61,-0.023445068
Maldah,0.00014525649,0.02264854,0.032672912,0.019596037,-0.0036370764,-35599.246,-0.006584435
Malkangiri,0.017275896,-0.058692694,-0.085511535,-0.015971467,0.1285481,-26634.316,0.14503875
Mamit,0.0071613044,-0.09188353,-0.095744215,-0.38263834,0.18957905,-36915.04,0.2370836
Mandi,0.022180503,-0.032858323,-0.113896064,-0.010632329,0.05643422,-33918.93,0.22788562
Mandla,0.02675938,-0.078787945,-0.07101619,0.014777542,0.026275417,-22810.732,-0.066141196
Mandsaur,0.039819248,-0.06564157,-0.07797469,0.004665824,0.02097338,-22701.316,-0.087484255
Mandya,0.025459148,-0.05804776,-0.08650144,0.12550095,0.049655948,-26822.713,-0.02756769
Mansa,0.022994839,-0.035753842,-0.10926767,0.108893186,-0.007790481,-28465.805,0.074288115
Marigaon,0.009207813,-0.06759716,-0.08024324,-0.45984992,0.15739653,-25598.115,0.16013207
Mathura,0.043507095,-0.08402938,-0.06812229,-0.3227939,0.0053224815,-23080.385,0.23059216
Mau,0.029312113,-0.05267799,-0.07274631,-0.25506485,-0.011161825,-21164.66,0.10950245
Mayurbhanj,0.058921844,-0.047369067,-0.08697478,0.13599434,0.044541314,-25018.342,0.06313554
Medak,0.04516088,-0.038125247,-0.07086882,0.06634435,0.0354605,-20419.48,0.027039383
Meerut,0.061971348,-0.072129644,-0.062228892,-0.28189683,0.055963714,-20061.71,0.18677619
Mirzapur,0.039137244,-0.08905039,-0.05469742,-0.32488763,-0.04897249,-19158.566,0.16784497
Moga,0.023910545,-0.034946695,-0.09867883,0.033276994,0.008655379,-26384.328,-0.0035128705
Mokokchung,0.003712051,-0.017417168,-0.13072903,-0.0832948,-0.06278915,-35975.848,0.16373868
Mon,0.004192565,-0.022961397,-0.12649147,-0.0018838459,-0.013860076,-33013.535,0.27032515
Moradabad,0.05481768,-0.06577539,-0.07129723,-0.2709091,0.14051001,-23172.277,0.2302031
Morena,0.0616317,-0.09534491,-0.058397766,-0.04000247,0.13039914,-19505.988,-0.0950744
Muktsar,0.00014525649,0.02264854,0.032672912,0.019596037,-0.0036370764,-35599.246,-0.006584435
Mumbai,0.21134599,0.008029244,-0.032660365,-0.039250813,-0.107585914,-2330.7,0.10375937
Munger,0.018911874,-0.04333768,-0.0974711,-0.051241767,0.0598575,-27292.389,0.015704645
Murshidabad,0.08015068,-0.038147185,-0.07353995,0.033641454,-0.04132568,-20054.4,-0.026048264
Muzaffarnagar,0.06571857,-0.08407294,-0.06211091,-0.44666937,-0.021448588,-21091.918,0.18413548
Muzaffarpur,0.0808192,-0.044414297,-0.08785612,-0.05245974,0.08859464,-24077.576,-0.018812943
Nabarangapur,0.00014525649,0.02264854,0.032672912,0.019596037,-0.0036370764,-35599.246,-0.006584435
Nadia,0.048570085,-0.042231753,-0.085740305,-0.030393872,-0.06763325,-24633.344,0.0016685403
Nagaon,0.031054089,-0.016437246,-0.08444354,-0.17516345,0.062355854,-20023.656,0.09184187
Nagappattinam,0.00014525649,0.02264854,0.032672912,0.019596037,-0.0036370764,-35599.246,-0.006584435
Nagaur,0.07256387,-0.047426164,-0.05855949,-0.21582396,-0.31570685,-15074.726,0.08681173
Nagpur,0.12409556,-0.008163385,-0.08827367,-0.11630674,-0.10863943,-18419.848,0.103252575
Nainital,0.02034032,-0.049054854,-0.08143318,0.095727526,-0.03750328,-24539.941,0.10636372
Nalanda,0.04571919,-0.05045213,-0.09025607,0.04261825,0.03924232,-25549.771,-0.014473478
Nalbari,0.0026627767,-0.069566496,-0.08330569,-0.58271044,0.16331924,-29667.238,0.41770437
Nalgonda,0.05459521,-0.03917408,-0.070865534,0.058735963,0.094677866,-19165.814,0.018453006
Namakkal,0.04166312,-0.022930073,-0.10736291,0.13900186,0.11334229,-28223.805,0.13218896
Nanded,0.11799473,-0.005838444,-0.08573573,-0.18870261,-0.13069315,-17115.086,0.1425938
Nandurbar,0.07327696,-0.0186024,-0.09075872,-0.0954784,-0.07546231,-19974.988,-0.01871952
Narayanpur,0.007403782,-0.024146313,-0.12479612,0.15199171,0.0065964228,-28830.164,0.059782498
Narmada,0.017173056,-0.047910973,-0.09626409,0.014384244,-0.023452265,-27456.129,-0.02235496
Nashik,0.19115345,0.012852655,-0.036773086,-0.17056096,-0.2269031,-293.04855,0.07299678
Navsari,0.018995473,-0.06699386,-0.079244144,-0.021148754,-0.026817482,-28205.248,0.025273504
Nawada,0.03401522,-0.0491549,-0.09129353,-0.04955501,0.06136857,-25898.992,-0.006829696
Nayagarh,0.023855958,-0.051583894,-0.08673309,0.03840727,-0.055797935,-26456.943,0.060948245
Neemuch,0.024180554,-0.0843252,-0.07715123,-0.08831497,0.10284232,-26507.041,0.017046228
New Delhi,0.0013846954,-0.05877953,-0.08914565,-0.103401,0.05817017,-28493.22,0.10016628
Nicobar,0.00014525649,0.02264854,0.032672912,0.019596037,-0.0036370764,-35599.246,-0.006584435
Nizamabad,0.040788848,-0.04653924,-0.07563982,0.1131501,0.055425473,-22773.018,0.035007652
North,0.00014525649,0.02264854,0.032672912,0.019596037,-0.0036370764,-35599.246,-0.006584435
North & Middle Andaman,0.00014525649,0.02264854,0.032672912,0.019596037,-0.0036370764,-35599.246,-0.006584435
North 24 Parganas,0.08952341,-0.036250785,-0.081405595,0.023284383,-0.04372734,-23054.719,-0.028056271
North Goa,0.013784431,-0.046465185,-0.101302706,0.04211444,0.052175447,-32355.076,0.10896718
North Tripura,0.01735252,-0.038983975,-0.107235715,-0.027218213,0.10973063,-29264.984,0.08538455
Nuapada,0.01752308,-0.05820701,-0.078987256,0.1087191,-0.09670283,-22913.012,0.028711285
Pakur,0.017646872,-0.062118106,-0.09448953,-0.049603704,0.072704375,-29527.578,0.033195984
Palakkad,0.063682534,-0.038197357,-0.09991504,-0.091393225,0.05700913,-29178.004,0.016626647
Palamu,0.04624294,-0.053622175,-0.091685705,-0.034378078,0.024607059,-26960.8,0.041692026
Pali,0.057081394,-0.047412798,-0.0691983,-0.1353982,-0.27386767,-18095.346,0.030900735
Palwal,0.018953513,-0.052199565,-0.07697529,-0.042471882,-0.04773919,-20761.504,0.07702558
Panch Mahals,0.00014525649,0.02264854,0.032672912,0.019596037,-0.0036370764,-35599.246,-0.006584435
Panchkula,0.015736794,-0.05975078,-0.07920795,-0.04393594,-0.10070532,-25632.91,0.04881159
Panipat,0.029861515,-0.034147028,-0.097158365,-0.03821532,-0.04159771,-25611.6,0.045189284
Panna,0.04317694,-0.07984619,-0.075028956,-0.034576498,0.03632168,-22935.959,-0.09979559
Papum Pare,0.0051913373,-0.06773056,-0.086619385,-0.061686028,-0.17483817,-28993.13,0.15102676
Parbhani,0.06600021,-0.028534187,-0.09447731,-0.30345806,-0.1844551,-23063.996,0.21497059
Pashchim Champaran,0.20087449,-0.035116207,-0.07263105,-0.0100509515,0.086009055,-17901.799,-0.031750586
Pashchim Medinipur,0.00014525649,0.02264854,0.032672912,0.019596037,-0.0036370764,-35599.246,-0.006584435
Pashchimi Singhbhum,0.11386488,-0.04134673,-0.10086219,-0.11193244,0.11555607,-28267.463,0.042825628
Patan,0.0308435,-0.05601342,-0.08991139,0.08762747,-0.0153532075,-26475.87,-0.024636187
Pathanamthitta,0.024670944,-0.03908931,-0.11079174,-0.011464321,0.0049486817,-34410.598,0.039093424
Patiala,0.049273755,-0.05767428,-0.083478265,0.13408086,-0.018048024,-24197.533,-0.08022707
Patna,0.08340704,-0.049007647,-0.08985575,-0.034488875,0.058250923,-25661.943,-0.017218154
Perambalur,0.018829884,-0.047539722,-0.09068551,-0.08006803,0.18422802,-26852.092,0.07843945
Peren,0.0024198664,-0.041911792,-0.10240377,0.09712534,-0.06098885,-30206.691,0.0739203
Phek,0.003887449,-0.014585123,-0.13429873,-0.021346584,-0.058969725,-34682.406,0.13481759
Pilibhit,0.051112942,-0.091746464,-0.066262014,-0.52304435,-0.15602137,-21983.56,0.2648286
Pithoragarh,0.011394841,-0.05900858,-0.091368295,0.08464015,-0.072278485,-29788.547,0.10097247
Porbandar,0.014060993,-0.051043138,-0.094706826,-0.019773783,0.0108771315,-29016.03,-0.0073324963
Prakasam,0.08013905,-0.07604831,-0.07897194,-0.06309187,0.38680294,-26237.55,0.024672935
Pratapgarh,0.06908732,-0.06887915,-0.05472229,-0.30148906,-0.1904062,-17030.924,0.109708786
Puducherry,0.016942257,-0.04001525,-0.095909506,-0.01850616,-0.06579387,-27223.992,0.08942342
Pudukkottai,0.04473594,-0.034312792,-0.09249047,0.09971641,0.069952734,-24682.562,0.020486044
Pulwama,0.009344437,-0.058000594,-0.116649345,0.42197654,0.061068475,-34977.996,0.35844913
Punch,0.015428045,-0.06385872,-0.089887574,0.24382545,-0.044230875,-25638.371,0.1965246
Pune,0.2122987,-0.01633241,-0.040340256,-0.05607278,-0.1445716,-6790.613,0.09680939
Purba Champaran,-0.0021649865,0.010240047,-0.035376783,-0.04584572,0.021349555,-25900.943,-0.028868133
Purba Medinipur,0.05751308,-0.043351993,-0.07612187,-0.049049355,-0.030367997,-23028.947,-0.028099643
Purbi Singhbhum,0.007925086,-0.00873329,-0.1342629,-0.10611117,0.06208983,-34788.8,0.059687003
Puri,0.027180443,-0.05171723,-0.08981512,0.090082936,0.0013869044,-28169.44,0.066650376
Puruliya,0.00014525649,0.02264854,0.032672912,0.019596037,-0.0036370764,-35599.246,-0.006584435
Rae Bareli,0.04613869,-0.07636283,-0.074154034,-0.41746917,-0.019884128,-25225.387,0.25419217
Raichur,0.039819602,-0.05740213,-0.06037372,0.08087094,-0.055471454,-16627.904,-0.09257737
Raigarh,0.051858567,0.009834051,-0.10106533,0.14829928,0.02506907,-17291.955,0.034255337
Raipur,0.065229066,-0.008934234,-0.09930897,0.1976581,-0.002491837,-21773.098,0.030186832
Raisen,0.0480916,-0.0801383,-0.06791766,-0.06064857,0.0850865,-20482.738,-0.12167598
Rajgarh,0.07226436,-0.06332294,-0.092199095,-0.025646148,0.08235913,-25343.227,-0.058455776
Rajkot,0.070227966,-0.0531114,-0.09133585,-0.01814377,0.03682442,-28057.846,0.0013236192
Rajnandgaon,0.05295959,-0.018605711,-0.097382925,0.25933397,-0.076614484,-20456.83,0.07278126
Rajouri,0.018258959,-0.05499611,-0.089386895,0.17943996,-0.04628149,-25738.775,0.17135018
Rajsamand,0.02201182,-0.055922713,-0.074015275,-0.31120706,-0.24769986,-23026.686,0.12754498
Ramanagara,0.00014525649,0.02264854,0.032672912,0.019596037,-0.0036370764,-35599.246,-0.006584435
Ramanathapuram,0.035878684,-0.040081125,-0.09223637,0.07478366,0.07997444,-26390.22,0.051973045
Ramban,0.007655035,-0.08758225,-0.10157314,0.46225443,0.015803138,-31530.178,0.5855996
Ramgarh,0.014549366,-0.049716506,-0.09118897,-0.09084332,0.046804264,-28323.281,0.031556297
Ranchi,0.07478023,-0.035774346,-0.11491225,-0.068157494,0.008480946,-30420.594,0.06785407
Rangareddy,0.00014525649,0.02264854,0.032672912,0.019596037,-0.0036370764,-35599.246,-0.006584435
Ratlam,0.050072897,-0.08044342,-0.05995064,0.4222666,0.12929967,-17276.258,-0.08370567
Ratnagiri,0.042238813,-0.024034321,-0.084655635,-0.303475,-0.25489932,-21840.121,0.20006658
Rayagada,0.023336416,-0.061630927,-0.081514746,0.102716245,0.007451855,-25169.871,-0.0007554585
Reasi,0.010225111,-0.07002531,-0.083062656,0.08288547,-0.06809025,-27207.402,0.055192053
Rewa,0.080583744,-0.08565742,-0.06374742,-0.121412754,0.12305137,-20266.756,-0.09331684
Rewari,0.01930333,-0.05828158,-0.079365596,-0.09703633,-0.13946952,-24335.174,0.0730796
Ri Bhoi,0.0022084382,-0.06463681,-0.0742417,-0.037004728,-0.0819168,-27166.48,0.09225034
Rohtak,0.029270126,-0.028418783,-0.10729738,-0.034850575,-0.043121453,-27637.96,0.054314896
Rohtas,0.04098573,-0.044149093,-0.08529115,-0.03093379,0.068480626,-22953.91,-0.009795775
Rudraprayag,0.0074749324,-0.047174506,-0.09697521,0.16288479,0.009664648,-28406.893,0.100107364
Rupnagar,0.018533157,-0.041129507,-0.09886067,0.046686206,-0.03929027,-27633.152,0.003384701
Sabar Kantha,0.00014525649,0.02264854,0.032672912,0.019596037,-0.0036370764,-35599.246,-0.006584435
Sagar,0.00014525649,0.02264854,0.032672912,0.019596037,-0.0036370764,-35599.246,-0.006584435
Saharanpur,0.066118106,-0.063566394,-0.05346054,-0.28515494,-0.08611599,-16835.559,0.17445834
Saharsa,0.043613475,-0.03281742,-0.093256205,0.008163518,0.05205193,-22737.838,-0.04233991
Sahibganj,0.026189927,-0.060735524,-0.086399645,-8.409415e-05,0.040824626,-26256.545,0.039483204
Sahibzada Ajit Singh Nagar,0.025705611,-0.05832275,-0.07620147,-0.028672164,-0.04777327,-25142.08,-0.041093074
Saiha,0.0010422366,-0.06752043,-0.12713511,-0.6189336,0.34124756,-42512.66,0.44980088
Salem,0.08793348,-0.03610444,-0.090886794,0.06142868,0.18920647,-24706.8,0.10735373
Samastipur,0.079251125,-0.05073393,-0.08745231,-0.050887603,0.09149506,-24597.148,-0.018428834
Samba,0.0042117573,-0.068993196,-0.097387694,0.22854516,-0.009097769,-32421.988,0.2811375
Sambalpur,0.0188138,-0.054467946,-0.08051219,0.046777077,0.011323064,-25275.941,0.041463125
Sangli,0.074638605,-0.023907732,-0.092815004,-0.4114945,-0.28496924,-23179.223,0.27322724
Sangrur,0.030869812,-0.046967693,-0.08749716,0.16183795,-0.0018820055,-24449.146,0.03359448
Sant Kabir Nagar,0.03140676,-0.06595469,-0.079569645,-0.28269544,-0.095978566,-24225.125,0.2173354
Sant Ravi Das Nagar(Bhadohi),0.00014525649,0.02264854,0.032672912,0.019596037,-0.0036370764,-35599.246,-0.006584435
Saraikela-Kharsawan,0.00014525649,0.02264854,0.032672912,0.019596037,-0.0036370764,-35599.246,-0.006584435
Satara,0.07111202,-0.03679939,-0.093611374,-0.57514626,-0.36892462,-25598.049,0.37167454
Satna,0.06689069,-0.07537921,-0.06499612,0.011344084,0.07928084,-19149.473,-0.094156675
Sawai Madhopur,0.028930655,-0.058966327,-0.06825208,-0.2365065,-0.27855542,-20021.943,0.104155205
Sehore,0.05020416,-0.061708517,-0.087470986,0.07948389,0.03977131,-24757.977,-0.071519814
Senapati,0.00980349,-0.068641804,-0.068620756,-0.028967366,-0.2085295,-24532.477,0.04988721
Seoni,0.03504409,-0.06526992,-0.07624573,-0.043949712,0.061657235,-22561.145,-0.037085738
Serchhip,0.0021764426,-0.053000037,-0.10976417,-0.40819296,0.24435936,-36485.387,0.23265803
Shahdol,0.03878575,-0.06235045,-0.08570337,0.0592445,0.023946133,-25634.96,-0.052997123
Shahid Bhagat Singh Nagar,0.012969363,-0.04255691,-0.09697176,0.0036925245,0.017114557,-30281.441,-0.008297136
Shahjahanpur,0.054652862,-0.09936684,-0.04922105,-0.55287623,-0.08254739,-17313.479,0.35217676
Shajapur,0.05486325,-0.063275136,-0.08629627,-0.05141021,0.07958666,-25200.836,-0.041925374
Sheikhpura,0.014203742,-0.04187428,-0.091899544,-0.07143193,0.00046619287,-25897.283,0.0103273
Sheohar,0.011690271,-0.04173939,-0.091845855,-0.01791369,0.01953227,-24611.408,-0.019279717
Sheopur,0.02397311,-0.08291525,-0.06315253,0.036028057,0.07299792,-18847.059,-0.14936993
Shimla,0.014454686,-0.043926615,-0.10973932,0.013863418,-0.003581662,-35616.92,0.24763298
Shivpuri,0.0733975,-0.06985686,-0.080495976,-0.102255546,0.13414282,-23452.1,-0.12106527
Siddharth Nagar,0.036194455,-0.06027181,-0.073929615,-0.2744744,0.010317611,-22473.162,0.19861327
Sidhi,0.05285583,-0.08817538,-0.073676385,-0.1746892,0.22053857,-24038.389,-0.07136323
Sikar,0.060154516,-0.04679158,-0.07778843,-0.14329319,-0.20132309,-21403.582,0.08060899
Simdega,0.025117163,-0.027614035,-0.11726147,-0.021828381,0.057080913,-28730.324,0.06334475
Sindhudurg,0.015762554,-0.036657587,-0.10990633,-0.17938967,-0.10591922,-33061.027,0.19235496
Singrauli,0.047761265,-0.1074302,-0.061067797,-0.13523379,0.17694151,-22280.025,-0.06971813
Sirmaur,0.012683316,-0.048086572,-0.10424192,0.0060638865,0.04237089,-32468.72,0.14910415
Sirohi,0.024446178,-0.054516014,-0.08187647,-0.27584356,-0.29908353,-23494.258,0.20259173
Sirsa,0.03560406,-0.035905585,-0.08443206,-0.13332398,-0.09646407,-21041.205,0.04981718
Sitamarhi,0.07011018,-0.04973727,-0.07998712,-0.002666998,0.048728555,-21024.361,-0.04553563
Sitapur,0.10219473,-0.1149109,-0.045193534,-0.49423283,-0.0470164,-16452.8,0.26898015
Sivaganga,0.032190457,-0.039212298,-0.09373904,0.09838899,0.0983341,-27959.643,0.079467565
Sivasagar,0.0046856576,-0.10191695,-0.047105715,-0.14522786,-0.01919339,-23013.41,0.035521224
Siwan,0.04644935,-0.042448077,-0.08577401,-0.027122399,0.039376132,-23391.76,-0.024434185
Solan,0.0123525,-0.038924504,-0.11262399,0.027818203,0.0018806548,-33949.086,0.19988467
Solapur,0.11801643,-0.028937165,-0.08168991,-0.36126924,-0.30421495,-20344.805,0.29539394
Sonbhadra,0.04042982,-0.09314791,-0.050824087,-0.31601495,-0.04671965,-18637.094,0.07591862
Sonipat,0.032413654,-0.038911663,-0.094746105,-0.07890118,-0.10155352,-25144.416,0.08245795
Sonitpur,0.009119836,-0.06819589,-0.07594021,-0.2455564,0.10295922,-27419.922,0.09546766
South,0.00014525649,0.02264854,0.032672912,0.019596037,-0.0036370764,-35599.246,-0.006584435
South 24 Parganas,0.095886,-0.03592034,-0.07551615,0.013449841,-0.024043234,-20571.482,-0.05080276
South Andaman,0.00014525649,0.02264854,0.032672912,0.019596037,-0.0036370764,-35599.246,-0.006584435
South Garo Hills,0.0025124867,-0.054777462,-0.09324182,0.005296085,-0.10477383,-33035.54,0.09920884
South Goa,0.012162078,-0.0562318,-0.09712567,0.016598199,0.07345141,-33315.246,0.12221816
South Tripura,0.02155643,-0.029657066,-0.114881344,-0.020911131,0.08154646,-30862.229,0.07773798
Sri Potti Sriramulu Nellore,0.063058,-0.073232904,-0.08007718,0.01226465,0.30616218,-27781.822,0.00021027993
Srikakulam,0.07199295,-0.061438218,-0.0961695,-0.21965119,0.4658381,-29625.771,0.17504635
Srinagar,0.02209254,-0.033874888,-0.10363177,0.2056839,-0.017198164,-27826.465,0.14335774
Subarnapur,0.012582064,-0.05511763,-0.089621834,0.104985885,-0.01427957,-27628.256,0.051363442
Sultanpur,0.032841448,-0.06510388,-0.06287283,-0.24839135,-0.11254445,-20370.672,0.18575642
Sundargarh,0.04392969,-0.04904717,-0.0921853,0.01295008,-0.00063629466,-29054.732,0.004672452
Supaul,0.04246159,-0.043831754,-0.088549025,0.010351944,0.048856325,-23432.938,-0.036249574
Surat,0.111368835,-0.054066,-0.077780806,0.03260086,0.016823355,-24224.953,0.0024105636
Surendranagar,0.040953472,-0.055618595,-0.092857026,-0.04939468,0.07025814,-29037.748,-0.0059759114
Surguja,0.025410349,-0.017745757,-0.104705274,0.23393503,-0.022591388,-23961.467,0.037756152
Tamenglong,0.0034529022,-0.053468052,-0.08122917,0.022425171,-0.11852531,-26672.713,0.060574662
Tapi,0.016765628,-0.049059976,-0.105128616,0.010155133,-0.014180925,-31661.707,0.056762252
Tarn Taran,0.033738103,-0.03274208,-0.11270473,0.038267486,-0.017314717,-30279.824,0.03601752
Tawang,0.00054781436,-0.081912205,-0.104837105,0.30855647,0.05593324,-36452.066,0.5045863
Tehri Garhwal,0.016002715,-0.039208256,-0.085585035,-0.027228812,-0.05231216,-24169.072,0.10835679
Thane,0.18745926,0.029099023,-0.048209954,-0.07512113,-0.096135154,-2328.1123,0.07852073
Thanjavur,0.061863884,-0.034869786,-0.098287985,0.043761007,0.004897824,-27764.562,0.11615643
The Dangs,0.00014525649,0.02264854,0.032672912,0.019596037,-0.0036370764,-35599.246,-0.006584435
The Nilgiris,0.016151888,-0.052716877,-0.09309076,0.1510758,0.064454444,-30469.852,0.07281408
Theni,0.03183791,-0.044522736,-0.09581342,0.103057854,0.08994976,-26908.496,0.060532894
Thiruvallur,0.00014525649,0.02264854,0.032672912,0.019596037,-0.0036370764,-35599.246,-0.006584435
Thiruvananthapuram,0.059342388,-0.038327333,-0.10066942,-0.013967739,0.0332946,-29245.793,0.025873413
Thiruvarur,0.00014525649,0.02264854,0.032672912,0.019596037,-0.0036370764,-35599.246,-0.006584435
Thoothukkudi,0.00014525649,0.02264854,0.032672912,0.019596037,-0.0036370764,-35599.246,-0.006584435
Thoubal,0.019108115,-0.068692856,-0.065150104,0.07740534,-0.035379283,-20243.246,0.07783229
Thrissur,0.05582945,-0.042365123,-0.092857234,-0.05739856,0.091620974,-28015.297,-0.013413214
Tikamgarh,0.07220947,-0.081837334,-0.08161503,0.021278922,0.11383381,-24885.713,-0.11534443
Tinsukia,0.007839142,-0.08444007,-0.065938845,-0.06499822,0.003645113,-26093.443,0.020727515
Tirap,0.00068939803,-0.05733773,-0.10642484,-0.16952503,0.04667384,-38260.22,0.38905853
Tiruchirappalli,0.069992945,-0.024663705,-0.09782104,0.10869379,0.053016264,-24991.549,0.049432855
Tirunelveli,0.07145655,-0.019877747,-0.089139946,0.08660273,0.06229867,-23351.516,0.17047685
Tiruppur,0.05151064,-0.036493897,-0.08763192,0.11565831,0.06551012,-24485.303,0.0814039
Tiruvannamalai,0.050140496,-0.051834848,-0.0831348,-0.08277927,0.2368842,-25313.04,0.1226612
Tonk,0.028394666,-0.057959683,-0.06198497,-0.23699993,-0.34629065,-16906.37,0.10416295
Tuensang,0.0042680306,-0.02226455,-0.12926622,-0.044633392,-0.034955617,-34940.676,0.12449113
Tumkur,0.00014525649,0.02264854,0.032672912,0.019596037,-0.0036370764,-35599.246,-0.006584435
Udaipur,0.06351423,-0.05378322,-0.0564954,-0.2625435,-0.32530928,-15340.315,0.098734215
Udalguri,0.006390414,-0.069779456,-0.07766032,-0.29286566,0.12691906,-27289.172,0.10696312
Udham Singh Nagar,0.03708176,-0.042028338,-0.054830894,0.1928779,0.00031591326,-14633.718,0.1143697
Udhampur,0.017685099,-0.05245255,-0.09057093,-0.00034475717,0.0029485007,-27560.69,0.051499344
Udupi,0.0145261325,-0.08107713,-0.07285508,0.009460181,0.057691026,-29168.934,-0.027902897
Ujjain,0.055232022,-0.067576215,-0.06725398,0.047969893,0.009466874,-19812.305,0.030329654
Ukhrul,0.006247954,-0.05767773,-0.088006966,0.041304253,-0.09089956,-28178.617,0.04947901
Umaria,0.01445985,-0.06921603,-0.069723405,0.009255579,-0.02194299,-20835.904,-0.08129404
Una,0.011362557,-0.04364436,-0.1043872,0.015497193,-0.014802691,-32310.732,0.16121018
Unnao,0.054693274,-0.065860644,-0.07479064,-0.26847997,-0.011074718,-24491.824,0.1595679
Upper Siang,0.00271697,-0.084983274,-0.117620334,0.3542914,0.09723978,-40957.77,0.2794905
Upper Subansiri,0.0009909191,-0.06857378,-0.09420622,0.10248796,0.0047169863,-29504.857,0.29708105
Uttar Bastar Kanker,0.00014525649,0.02264854,0.032672912,0.019596037,-0.0036370764,-35599.246,-0.006584435
Uttara Kannada,0.017306872,-0.07172854,-0.07776971,0.07212906,0.072485745,-29433.787,-0.02629972
Uttarkashi,0.008633059,-0.06229804,-0.093647204,0.10850606,-0.0587912,-29514.098,0.17014766
Vadodara,0.080878735,-0.037200812,-0.099778205,0.037220787,-0.022449145,-27073.057,0.018712658
Vaishali,0.06461515,-0.04273563,-0.09130638,-0.01796667,0.067353405,-24308.078,-0.004526487
Valsad,0.0344703,-0.058908604,-0.08570426,-0.038087696,-0.0511622,-27481.521,0.040712543
Varanasi,0.064686656,-0.06185644,-0.06311856,-0.20227827,-0.020783551,-19030.172,0.13141026
Vellore,0.06348853,-0.033192266,-0.07790558,0.0617859,0.14147538,-21912.475,0.10182658
Vidisha,0.049114693,-0.067269154,-0.065687984,-0.005035876,0.027293043,-18558.736,-0.08416086
Viluppuram,0.06793109,-0.033506908,-0.07455325,-0.0029023946,0.19472991,-20938.627,0.11019988
Virudunagar,0.00014525649,0.02264854,0.032672912,0.019596037,-0.0036370764,-35599.246,-0.006584435
Visakhapatnam,0.11947008,-0.07046811,-0.0845872,-0.054469865,0.3865548,-26501.809,0.0922812
Vizianagaram,0.05747801,-0.06729671,-0.08405491,-0.0749721,0.4077581,-26475.352,0.075368114
Warangal,0.04789607,-0.04289698,-0.07656193,0.022423197,0.03709961,-22704.527,0.036814835
Wardha,0.039367195,-0.015012281,-0.09898639,-0.14984277,-0.13489257,-22763.69,0.13587292
Washim,0.045200046,-0.015006788,-0.09422276,-0.25074744,-0.18580548,-22128.982,0.09309884
Wayanad,0.014023417,-0.03775556,-0.10186049,-0.017182307,0.015984658,-28125.53,-0.00850804
West,0.00014525649,0.02264854,0.032672912,0.019596037,-0.0036370764,-35599.246,-0.006584435
West Garo Hills,0.016148712,-0.038247526,-0.11391556,0.06959387,-0.049909227,-32128.922,0.06274271
West Godavari,0.08088978,-0.06771035,-0.07535031,0.009747998,0.34843427,-24792.521,0.06665539
West Kameng,0.004362625,-0.0682337,-0.09107696,0.049610175,-0.15458143,-31291.863,0.15352745
West Khasi Hills,0.0033300375,-0.06869761,-0.08632022,0.087559715,-0.02522312,-27794.771,0.047248688
West Tripura,0.03681806,-0.034405738,-0.115026966,-0.030868495,0.09418061,-31774.088,0.08346064
Wokha,0.0028293885,-0.019184629,-0.13117188,0.013450423,-0.028163522,-33825.953,0.14094673
Yadgir,0.024531709,-0.05716297,-0.074705444,0.017049557,0.024141435,-23232.578,-0.05550632
Yamunanagar,0.03245638,-0.027120965,-0.09896642,-0.07102414,-0.03738524,-24860.793,0.043842107
Yanam,-0.0016606661,-0.004702803,-0.06523958,-0.0658792,0.028443966,-26635.021,-0.022415495
Yavatmal,0.10482031,0.009352711,-0.07662214,-0.19959503,-0.16022162,-11563.832,0.10539248
Zunheboto,0.004825924,-0.0152993165,-0.14952934,-0.051790297,-0.07514159,-40203.65,0.16341452
