district,mae,smape,r2
East Godavari,0.6766511,181.33435249328613,-0.29409852179507934
Pune,0.49765354,115.40747880935669,-0.3874256295421332
Mumbai,0.45613888,122.16098308563232,-0.289266704067739
Agra,0.42505315,116.3095474243164,-0.12566331355056093
Hyderabad,0.41980982,163.1158709526062,-0.38418885007617387
Visakhapatnam,0.39883968,187.4675989151001,-0.2596916741810338
Kurnool,0.3922515,165.9397840499878,-0.18362802821903546
Thane,0.38817123,139.28053379058838,-0.5419336612781629
Guntur,0.38131797,172.2391128540039,-0.2271470406430145
Krishna,0.35912132,172.03941345214844,-0.44524457065672585
Hardwar,0.32586062,144.6489453315735,-0.7351419848631098
Chittoor,0.3224191,174.2961049079895,-0.1592101324058064
Rangareddy,0.31049982,168.9790964126587,-0.27217012910770566
West Godavari,0.3064256,143.85355710983276,-0.2986342382257543
Nashik,0.29778028,119.07517910003662,-0.4262337624590138
Balrampur,0.2856315,122.10549116134644,-0.1462449530405172
Udham Singh Nagar,0.2776601,152.56246328353882,-0.4997271660899665
Kishanganj,0.25625986,85.67262887954712,-0.20005288541201094
Ahmadabad,0.25024542,154.84589338302612,-0.6426616916507075
Bilaspur,0.24901809,153.56292724609375,-0.17318477960326906
Salem,0.247691,178.70357036590576,-1.0786955387043142
Jaipur,0.2476599,135.40273904800415,-0.6405840002751326
Jalgaon,0.24623583,156.285560131073,-0.43095327332109035
Raipur,0.24577767,105.11809587478638,-0.22362219387825322
Bareilly,0.24073428,160.29561758041382,-0.3636090962366083
Thiruvallur,0.23543757,166.0170078277588,-0.43687455602762126
Aligarh,0.23521325,144.4172501564026,-0.8109520177936056
Prakasam,0.23437323,140.25896787643433,-0.1884166896717998
Janjgir-Champa,0.23391318,131.71164989471436,-0.43730080569019947
Durg,0.2290528,140.95604419708252,-0.04837951468681867
Saran (Chhapra),0.22654702,131.54689073562622,-0.0908611971311335
South,0.22575563,140.20006656646729,-0.1885560794142611
Kheri,0.22320837,157.501482963562,-0.10727340176623912
Surat,0.22111204,188.58752250671387,-0.4571213849324167
Dehradun,0.21938546,153.09486389160156,-0.8869429873875228
Solapur,0.21929908,146.56691551208496,-0.40256835621820897
Kancheepuram,0.21840212,156.15400075912476,-0.5127124947381259
Sri Potti Sriramulu Nellore,0.2182183,142.21867322921753,-0.1778308409975966
Vizianagaram,0.2147074,118.0512547492981,-0.1583673254716509
Hardoi,0.20877978,138.2468581199646,-0.08088335499358834
North,0.20686533,143.67172718048096,-0.33600222779280653
East,0.20573074,139.66574668884277,0.05792904883471284
Vellore,0.2010232,164.7290587425232,-0.31830818287041773
Bijnor,0.19935887,155.24249076843262,-0.39201500139021617
Bahraich,0.19570786,147.8207230567932,-0.27839195533510463
Rajnandgaon,0.19395669,126.29110813140869,-0.34456106171293954
Ahmadnagar,0.19258639,147.94405698776245,-0.5742456851829107
Srikakulam,0.18599051,121.98970317840576,-0.0017044851286267537
Tiruppur,0.18370494,120.46571969985962,-0.191026053477507
Fatehpur,0.18158677,127.7466893196106,-0.29122118757029414
Nanded,0.18109402,167.11210012435913,-0.5678251624040613
Ratlam,0.17977904,99.31005239486694,-0.24622527122168814
Meerut,0.176135,131.13129138946533,-0.28725379713265475
Mahbubnagar,0.17609859,164.74149227142334,-0.24092721925230776
Dhar,0.1756549,141.8305516242981,-0.8459558620807022
Alwar,0.17480959,144.22236680984497,-0.37180890503715536
Sitapur,0.17372169,152.02710628509521,0.32051343672664123
Lucknow,0.17209147,138.32669258117676,-0.20957858038460597
Viluppuram,0.17190757,137.39991188049316,-0.4267174660694102
Azamgarh,0.17078398,121.82008028030396,-0.1823157927552772
Tirunelveli,0.16627814,140.03493785858154,-0.625576277830135
Ghaziabad,0.16365522,133.14056396484375,-0.13880740882494846
Chennai,0.16313359,158.10202360153198,-0.5865547442216343
Bulandshahr,0.16247576,114.61993455886841,-0.01903668156891336
Nagpur,0.16219357,136.31421327590942,-0.40639524525568804
Jodhpur,0.16085821,136.87163591384888,-0.5278791013351822
Nizamabad,0.15849598,102.85584926605225,-0.6626069478431638
Kozhikode,0.15792216,113.22433948516846,-1.2430604208640723
Ganjam,0.1576022,146.5848445892334,-0.48097816176906605
Moradabad,0.15676533,114.56407308578491,0.11693482920905485
Madurai,0.15640189,138.78852128982544,-0.47927149606514696
Gonda,0.15485483,144.34731006622314,-0.4899531869244784
Nainital,0.15119435,89.56505060195923,-1.0555325881693376
Madhubani,0.15109047,112.84348964691162,-0.06021314830450408
Karimnagar,0.150995,89.81887102127075,-0.531125466920334
Kolhapur,0.15099186,116.63459539413452,-0.74843067494479
Saharanpur,0.14994742,122.26628065109253,0.06135158781580219
Barmer,0.14988385,131.1776041984558,-0.5078636210869343
Indore,0.14684886,169.83373165130615,-0.4495832091730365
Banas Kantha,0.14612095,127.54839658737183,-0.6497752111474662
Sangli,0.14459981,109.6729040145874,-0.5838041212121883
Nalgonda,0.14425284,104.4524073600769,-0.38722226936206283
Nagaur,0.14240573,109.24912691116333,-0.5529131539997489
Patna,0.14169207,128.23007106781006,-1.1685664424882463
Cuddalore,0.14139497,103.15893888473511,-0.38884202118051747
Anantnag,0.14110552,75.74290037155151,-0.30510693416323287
Bara Banki,0.13989355,136.82669401168823,-0.07749305937291906
Coimbatore,0.13842687,114.31046724319458,-0.503450378888326
Srinagar,0.13769853,60.126811265945435,-0.4940052924627065
Chandrapur,0.13682845,79.23252582550049,-1.2450374781149622
Buldana,0.135616,94.7682797908783,-0.9459613210427682
Satara,0.13555056,99.50293302536011,-0.7098148181923978
Kanpur Nagar,0.1346073,117.41026639938354,-0.1250395512221314
Katihar,0.13260691,101.99681520462036,0.010941223413809764
Krishnagiri,0.13001171,95.85824608802795,-0.718361634676723
Bhopal,0.12926935,115.64862728118896,-0.32683471661509245
Kangra,0.1291664,71.7076063156128,-0.6235828965228194
Budaun,0.12905139,114.41903114318848,-0.7107896332601402
Unnao,0.12822789,108.34921598434448,-0.7575707837393737
Mahasamund,0.12710617,73.7697958946228,-0.3631093207591576
Surguja,0.12609962,74.25693869590759,-0.1045087518403689
Yavatmal,0.12594625,119.80559825897217,-0.10289721925323891
Malappuram,0.12446608,103.2302975654602,-0.525857246064898
Kushinagar,0.123631254,105.28457164764404,-0.21347849092531557
Mathura,0.123485394,94.29384469985962,-0.6420637679698762
Siddharth Nagar,0.12346359,92.21365451812744,-0.5380918096522325
Jaunpur,0.121946886,121.02091312408447,-0.01739320634353736
Jammu,0.12076919,53.997814655303955,-0.501177798864544
Vadodara,0.12030787,114.38852548599243,-0.30561201838862284
Shahjahanpur,0.11989819,96.9428300857544,0.05640308164054186
Varanasi,0.11977684,108.96140336990356,0.2855006992765282
Warangal,0.11940323,102.9330849647522,-0.34635163128846735
Raigarh,0.11885811,84.63550806045532,-0.25730746498452994
Gorakhpur,0.11883413,100.33489465713501,0.01741961909138412
Uttar Bastar Kanker,0.11830432,74.89382028579712,-0.4673936676767545
Pratapgarh,0.11819136,120.81937789916992,-0.5423573453112487
Medak,0.118088044,78.3856987953186,-0.2121087753699482
Muzaffarnagar,0.116592646,88.06302547454834,-0.3011556361349097
Tiruvannamalai,0.11619958,64.3159568309784,-0.4407730018368279
Ambedkar Nagar,0.11610607,91.74132943153381,-0.31210887397743914
Barddhaman,0.11592889,110.59781312942505,-0.380941662342698
North 24 Parganas,0.11592278,112.39060163497925,-0.9797265009086471
Vaishali,0.11590859,90.68970084190369,-0.5489415615711248
Ernakulam,0.11537877,72.44606018066406,-0.7417161585622776
Thiruvananthapuram,0.11480438,82.39853382110596,-1.4880261602717049
Parbhani,0.114770874,95.65149545669556,-1.0846480361289048
Thanjavur,0.114566274,84.4090461730957,-0.3455178017463265
Amravati,0.11451939,92.65412092208862,-0.7521059074877348
Garhwa,0.113916636,96.96661829948425,-0.21898564160067524
Dharmapuri,0.11349778,79.36407327651978,-0.5566974101684163
Dhule,0.112803966,76.85636878013611,-0.6034049555315919
Gaya,0.112338014,95.75523734092712,-0.8155590943573701
Ashoknagar,0.11197595,108.12547206878662,-0.645742165119394
Baramula,0.11162857,46.04896008968353,-0.3556763963644851
Tiruchirappalli,0.11162775,88.27267289161682,-0.3331669238013313
Firozabad,0.111085266,91.28507971763611,-0.16812767741605095
Balaghat,0.11045975,80.48434853553772,-0.4128522041706404
Tehri Garhwal,0.11006603,66.84789061546326,-1.3955875553386057
Pashchim Champaran,0.1096665,96.79690599441528,-0.9546120634955413
Nalanda,0.10902147,76.06884837150574,-0.16537388146448118
Udaipur,0.10865373,99.75588917732239,-0.7085036503269913
Adilabad,0.1069663,66.87279343605042,-0.5327620312279309
Gwalior,0.106588535,63.32632899284363,-1.4122892251968824
Jalandhar,0.106566675,54.818177223205566,-0.5417943176635232
South 24 Parganas,0.1059848,103.88191938400269,-0.19973506735903301
Sitamarhi,0.105829544,110.49606800079346,-0.0692746058981415
Maharajganj,0.10540394,82.9480230808258,-0.5415491585419496
Basti,0.1051939,68.38008165359497,-0.880076910688707
Hingoli,0.105025806,58.221614360809326,-1.8635146757412637
Farrukhabad,0.10444678,68.0757462978363,-0.5650353523223199
Jhansi,0.10346994,79.44508790969849,-0.3537214528460406
Dhamtari,0.10297907,66.42916202545166,-0.7172811471461256
Erode,0.10219897,74.43758249282837,-0.7164358913975424
Faridabad,0.101800494,74.593985080719,-0.32832574368091083
Bhavnagar,0.10123063,56.318479776382446,-0.7654820161793938
Ludhiana,0.100808896,67.4098014831543,-0.31669868157313297
Thoothukkudi,0.100628525,78.22287678718567,-0.5506646523750338
Nagaon,0.100352496,65.9605622291565,-0.2677868612890666
Ujjain,0.10028995,100.72357654571533,-0.1755455432446209
Murshidabad,0.100176975,91.81095361709595,-1.0138177196714313
Muzaffarpur,0.09996139,111.50412559509277,-0.2704229204225055
Khammam,0.099589184,72.57988452911377,-0.32586267934245483
Palakkad,0.09939056,55.29034733772278,-1.2135967209262168
Mayurbhanj,0.09908932,83.12144875526428,-0.556459496947876
Deoria,0.09896247,89.20682072639465,-0.43309619948860534
Churu,0.098808974,85.23642420768738,-0.6193175001907265
Sultanpur,0.09872338,72.92042970657349,-0.20034078246870823
Ballia,0.098489515,78.09619903564453,-0.34974236946770554
Virudunagar,0.09692336,65.5379056930542,-0.6956069779510863
Begusarai,0.096811846,73.19912314414978,-0.059740000142399996
Bikaner,0.096535355,75.24115443229675,-0.8350793356018207
Jalna,0.09634806,69.04310584068298,-0.6093633487937962
Pudukkottai,0.096072465,67.44123697280884,-0.2423810368869086
Dindigul,0.09587046,71.46013975143433,-0.5794525953157184
Rajouri,0.09576423,39.98731076717377,-0.33523538937704345
Ramban,0.09558617,37.86763846874237,-0.17745766651239214
Darbhanga,0.0955019,81.67538046836853,0.06740442920778145
Kollam,0.09504116,53.69995832443237,-1.1002927847794286
Sivaganga,0.09495347,59.53835844993591,-0.8332481091275146
Pilibhit,0.094013765,84.53972935676575,-0.051746465213758475
Rajkot,0.09385143,56.69761300086975,-0.9587188778693629
Samastipur,0.09384482,77.68315076828003,-0.16196300707023137
Nandurbar,0.093648836,53.59258055686951,-1.0239491969203498
Namakkal,0.09324566,58.91258716583252,-0.5668471925098761
Wardha,0.09282239,54.58947420120239,-0.9515893263094108
Mirzapur,0.09279931,67.21470355987549,-0.5792542482969605
Bhilwara,0.09275203,81.78038001060486,-0.3572661572290561
Mainpuri,0.09258299,54.92287278175354,-0.3722857458667421
Bharatpur,0.09224963,75.09926557540894,-0.37423668878576777
Washim,0.09178213,47.94992804527283,-2.1736123819842224
Thrissur,0.091324344,53.091323375701904,-2.9678436130522323
Barpeta,0.09026645,39.258697628974915,-0.3670174318491555
Alappuzha,0.08954755,59.58925485610962,-0.3756987307925823
Ratnagiri,0.089415684,53.955841064453125,-0.45741532370238547
Karbi Anglong,0.08910739,33.2369863986969,-0.23127156745028765
Akola,0.08893235,50.69736838340759,-1.2561758289241594
Kachchh,0.0885479,53.42172384262085,-0.9185850552149295
Bastar,0.088472016,58.246952295303345,-0.23837166518989972
Korba,0.08799916,50.763487815856934,-0.5398110232795812
Hisar,0.087828234,50.17862915992737,-0.7176319274732497
Pashchimi Singhbhum,0.08749226,85.5167031288147,0.051016804974604035
Latur,0.08723636,52.305448055267334,-1.3274237892534462
Pashchim Medinipur,0.08699703,70.6975519657135,-0.2985907316253422
Jalor,0.08675419,53.47803831100464,-0.8647340888627115
Jabalpur,0.08661117,58.82694721221924,-0.36506759429263
Cachar,0.086428575,52.12002992630005,-0.30088252814892247
Punch,0.08633366,36.34931743144989,-0.2916198760305262
Kamrup,0.085994154,44.93870437145233,-1.2215362959202714
Rae Bareli,0.085087225,71.45490646362305,-0.11672139506051038
Pulwama,0.084113866,33.844929933547974,-0.2313443975040339
Khagaria,0.08382535,61.182814836502075,-0.12133586777435323
Cuttack,0.08331687,54.29058074951172,-0.47599972983344063
Ajmer,0.083300345,71.80410623550415,-0.17309185463263455
Ghazipur,0.08319111,69.13516521453857,-0.20549641370456717
Pali,0.082703546,60.214537382125854,-0.46200229003233817
Katni,0.08098519,70.63660025596619,0.22028074849428114
Hamirpur,0.08089476,46.47108316421509,-0.7137657867069818
East Khasi Hills,0.08027029,26.154285669326782,-24.479445917503735
Etah,0.08015581,47.86296188831329,-0.22894611073221638
Sant Kabir Nagar,0.079316154,47.259899973869324,-0.4835660912916917
Sikar,0.07847874,60.58111786842346,-0.15337904268557967
Aurangabad,0.07805392,44.534775614738464,-1.1527614953360872
Sonbhadra,0.07729448,47.63465225696564,-0.45658904484840934
Palwal,0.07729418,40.255552530288696,-0.9181090609046985
Baleshwar,0.07720976,62.072765827178955,-0.09947274831062969
Jind,0.07707728,39.92323577404022,-0.9619117353149234
Siwan,0.07616464,48.121219873428345,-0.3281410183442677
Thiruvarur,0.076069236,41.448891162872314,-0.6874573132563897
Jamui,0.07593688,54.37927842140198,0.21817904988416614
Raichur,0.07579072,45.38092911243439,-0.24871408460753863
Chandauli,0.07519566,46.75457775592804,-0.34906001157592437
Kannauj,0.07484748,45.604339241981506,-0.644910819375923
Lalitpur,0.07453416,40.45460820198059,-0.7135225565366763
Etawah,0.07440437,40.34280776977539,-0.6033338635729866
Khordha,0.074332066,52.70119309425354,-0.29879521128815156
Kaushambi,0.07352649,47.2456157207489,-0.2885027915325489
Rewa,0.07231266,47.222378849983215,-0.1294398850051397
Almora,0.07221471,33.01939368247986,-1.5012155358677486
Bhiwani,0.0722037,36.465004086494446,-0.9746696454954291
Gautam Buddha Nagar,0.07202582,49.87197518348694,-0.056891655636706506
Vidisha,0.07110053,44.05022859573364,-0.38884267475219625
Mandi,0.071006164,36.329761147499084,-0.4586694231677775
Auraiya,0.07098377,37.14396059513092,-0.5211466195717933
Betul,0.07095771,56.266987323760986,0.039692597035712596
Jashpur,0.070598334,47.02758491039276,-0.12484665168797227
Satna,0.07023232,52.87008285522461,0.09294727997944163
Panch Mahals,0.070172116,37.85868287086487,-0.49347610726425395
Banda,0.070021965,43.293339014053345,-0.11837059100594871
Kottayam,0.0694388,32.34275281429291,-1.0612110747246657
Kolkata,0.06928147,36.6242915391922,-3.013060173464825
Junagadh,0.069204755,33.417800068855286,-0.7430056297162702
Ranchi,0.069203585,51.49734616279602,-0.17586312558859207
Birbhum,0.069107406,38.309672474861145,-1.7088889535135912
Madhepura,0.06908286,57.374340295791626,0.19963822197458725
Rohtas,0.06869013,40.708792209625244,-0.3382905106454044
Imphal East,0.06851313,42.3994243144989,-2.790987964393439
Nadia,0.06839716,43.35960149765015,-3.1913493501315484
Bhagalpur,0.06836838,51.613038778305054,0.0002809379318823302
Chamrajnagar,0.06816061,33.66977870464325,-0.8155794633426667
Araria,0.06794203,53.75281572341919,0.2956682024138968
Anand,0.06776137,33.47916305065155,-1.0435125547359276
Theni,0.06758155,37.97895312309265,-0.7027222962557695
Puruliya,0.06748594,39.763143658638,-1.7310981100755294
Puri,0.06742853,35.793110728263855,-0.5219045451119184
Bathinda,0.06728214,36.62710785865784,-0.47241537948150736
Ganganagar,0.06727276,42.41624474525452,-0.3177514069346916
Palamu,0.06712918,53.74947190284729,0.09708916195434725
Morena,0.06697391,43.139129877090454,-0.06605581539984584
Darrang,0.066969864,24.424447119235992,-3.294973217460628
Banswara,0.0669612,41.136786341667175,-0.23276147729741958
Koriya,0.06692725,38.45548629760742,-0.24878643860737681
Tumkur,0.06632007,35.40717959403992,-0.40457551185351814
Hanumangarh,0.06605436,34.114888310432434,-0.683369636932349
Kanniyakumari,0.066031426,33.80744755268097,-0.7125289093220739
Karimganj,0.066029936,44.01824772357941,-0.060073709763599936
Dakshina Kannada,0.06595162,32.0071667432785,-1.0067956025413216
Karnal,0.06589433,31.943780183792114,-0.6688595793742929
Jamnagar,0.065715514,28.835496306419373,-1.5652615182776661
Jalaun,0.06565792,33.56342613697052,-0.6483984993006708
Imphal West,0.06562789,41.21919274330139,-1.8052683576179471
West,0.06549626,48.4857052564621,0.02933853901556882
Jagatsinghapur,0.06540825,33.78763794898987,-0.8153724721292457
Balangir,0.065304,34.959423542022705,-0.35659750576725746
Amritsar,0.06482645,34.21873450279236,-0.14799163283892924
Pithoragarh,0.06464806,28.209388256072998,-1.4005945954344314
Uttarkashi,0.06433614,28.947970271110535,-1.5488243820603182
Dhanbad,0.06396151,45.20924985408783,-0.4656414200608192
Mahoba,0.06389746,29.390591382980347,-1.229502911449821
Kendrapara,0.06363661,32.60343372821808,-0.43560112347282076
Kasaragod,0.06347059,29.072415828704834,-0.9742134342131537
Nagappattinam,0.063466184,30.221933126449585,-0.9361656728951808
Rudraprayag,0.06344718,30.58563470840454,-0.8970440289030048
Patiala,0.06341473,32.97049105167389,-0.397299672530284
Yamunanagar,0.0632282,32.64775574207306,-0.4200450754625866
Kannur,0.06312036,37.22079396247864,-0.20296306091315786
Thoubal,0.062982544,37.92753219604492,-1.15184698108733
Dausa,0.06201541,39.87686038017273,-0.5685542856460053
Dhubri,0.06199451,34.86471176147461,-0.23667764790890922
West Tripura,0.061703004,31.868961453437805,-0.6421030116975426
Kanpur Dehat,0.06159633,34.849125146865845,-0.3689849994453236
Jalpaiguri,0.061592266,30.305010080337524,-2.178737432963404
Baran,0.0613,36.393529176712036,-0.036527741300917516
Supaul,0.06075634,45.540520548820496,0.23628957105396087
North Tripura,0.060464107,30.75801134109497,-0.6049332598057007
Gopalganj,0.060206685,31.540295481681824,-0.22527335465804654
Jhunjhunun,0.06008946,40.218693017959595,0.06860800687574053
Kupwara,0.060062047,30.090653896331787,-0.5016237640090715
Sundargarh,0.059890296,29.346096515655518,-0.4897607363069971
Sirohi,0.05983024,27.562636137008667,-1.283196161604438
Bhojpur,0.059626665,37.00481057167053,-0.5504726365632806
Jaintia Hills,0.05886137,18.770228326320648,-59.90447714286137
Mahendragarh,0.058789406,26.900121569633484,-1.131953220512333
Nawada,0.058731437,35.59247553348541,-2.464346030176012
Chhindwara,0.05867729,39.68977928161621,0.10697174958692035
Sonipat,0.058617793,27.58951187133789,-0.853624227647241
Kendujhar,0.058297135,28.720635175704956,-0.49912135322560514
Baghpat,0.058289655,29.406556487083435,-0.39353394213451875
Maldah,0.05820322,30.082669854164124,-1.4537179456569493
Purba Medinipur,0.058164835,42.04135537147522,-0.46801696039696594
Giridih,0.057211723,31.486937403678894,-0.4335762736015556
Sirsa,0.05698479,26.15874707698822,-0.71986297128468
Kaithal,0.0569616,26.392322778701782,-0.847908449862675
Dungarpur,0.056787007,37.790197134017944,-0.058202925987191456
Garhchiroli,0.056665815,32.82148241996765,-0.21153220705787046
Kathua,0.056523386,25.777900218963623,-0.971959526015266
Surendranagar,0.05623869,24.554763734340668,-1.1561204612299436
Ariyalur,0.055944644,26.658037304878235,-1.0604580930070755
Hoshiarpur,0.05569138,24.38308298587799,-1.0108646903003953
Sangrur,0.05555195,24.96252954006195,-1.0496642536652185
Chitrakoot,0.05539895,28.92651855945587,-0.26486426166517396
Dharwad,0.055340555,26.097509264945984,-0.5640212442152432
Ramanathapuram,0.055175796,27.778303623199463,-0.5024017706653392
Chamoli,0.054909203,23.457060754299164,-1.08643862031581
Tinsukia,0.054488376,27.429622411727905,-11.923622591475706
Anugul,0.05443388,25.197741389274597,-0.7900836421679349
Ganderbal,0.054380223,24.868330359458923,-0.7213847261251778
Dhenkanal,0.05437867,26.386696100234985,-0.375898967763141
Mandya,0.05421367,24.545028805732727,-0.8046292290381647
Gondiya,0.05420873,25.948408246040344,-0.3779155094247324
Bankura,0.05388174,31.597736477851868,-2.4536805426225294
South Garo Hills,0.053757586,17.790481448173523,-49.326404117976594
Bharuch,0.053698666,26.862865686416626,-0.2393573404931435
Bidar,0.053434756,29.58405613899231,-0.018616386017606068
Panipat,0.053337935,24.057739973068237,-0.7567606882585938
Chhatarpur,0.0533246,34.24663245677948,0.05994254896705942
Bargarh,0.053244133,26.135551929473877,-0.2966501326153803
Sonitpur,0.053141292,20.29782086610794,-5.1428250177045856
Mahesana,0.053090453,24.151521921157837,-0.7446566212819767
Jajapur,0.05281398,26.559007167816162,-0.4927209618128363
Chamba,0.052482072,27.496907114982605,-0.33433393568586145
Bhandara,0.052264433,24.089153110980988,-0.6745605118105347
Champawat,0.052166983,21.87747210264206,-1.413751399307836
Kapurthala,0.05189492,20.19607275724411,-1.9691825358879895
Shimla,0.05142884,26.23245418071747,-0.44131590000802623
Sehore,0.05142673,28.680533170700073,0.04374512251502982
Sindhudurg,0.050950166,21.51183784008026,-1.439932624145643
Jhajjar,0.050728627,22.278080880641937,-1.0323179085769985
Patan,0.049695704,20.70637047290802,-0.8817589738307341
Godda,0.049564473,28.013703227043152,-0.01723569962580096
Shrawasti,0.049147386,24.128365516662598,-0.39486367683111223
Karur,0.04904777,22.46892601251602,-0.5805394052434727
Sant Ravi Das Nagar(Bhadohi),0.04884664,25.41860044002533,-0.23277557517535064
Golaghat,0.048802283,22.13733345270157,-0.36403510235745573
Una,0.04857381,25.451529026031494,-0.44235265074676655
Dibrugarh,0.048475422,18.529875576496124,-1.6658443141879213
Doda,0.04817358,22.95510768890381,-0.46875194745895055
Mau,0.048089977,25.51775574684143,-0.21060341879571887
Valsad,0.048042834,22.23118096590042,-0.4829085486925384
Dewas,0.047956444,25.050923228263855,-0.21451695024270712
Rewari,0.04748073,20.586615800857544,-0.848902178629759
Bhind,0.047392614,28.11627686023712,0.1192994239168298
Bokaro,0.04700967,23.5615074634552,-0.20668692334733185
Navsari,0.046050422,19.14302557706833,-1.0368170477260517
Bongaigaon,0.045800593,23.504120111465454,-0.47851045580387375
Singrauli,0.045421667,20.140768587589264,-0.6386155341572994
Bundi,0.045279004,20.444941520690918,-0.4703812299374921
Kota,0.04487103,23.136822879314423,-0.19993897593763132
West Khasi Hills,0.04481786,14.61624801158905,-37.8573169358191
Sawai Madhopur,0.044777136,22.161296010017395,-0.4146039938486352
North Goa,0.044763327,19.004808366298676,-0.8983780470895031
Goalpara,0.044340603,19.72743421792984,-0.24699652263588812
Hassan,0.044106185,18.762315809726715,-0.8060275369583414
Rohtak,0.043912377,19.059520959854126,-0.7660544994105176
Kolar,0.043776214,19.944781064987183,-0.4735522779354746
Tonk,0.0437561,21.575894951820374,0.02298615702409168
Puducherry,0.04351041,18.41820776462555,-0.8789932162932974
Shivpuri,0.04349728,21.816548705101013,-0.16129920081457993
Gandhinagar,0.043363612,18.167294561862946,-1.535757406768386
Chitradurga,0.04335107,19.735640287399292,-0.11942537029640188
Udhampur,0.043225177,18.43532621860504,-0.8116162930559259
Jhalawar,0.043047376,22.91439324617386,-0.28283134861023873
Chirang,0.042848375,22.6625457406044,-0.2221367809713959
Jaisalmer,0.042757906,17.851123213768005,-1.101699784702522
Uttara Kannada,0.042632673,17.857059836387634,-0.7219013961026735
Karauli,0.041806832,22.238127887248993,-0.029400342485657927
Amreli,0.04170812,17.640849947929382,-0.8115209021284024
Lakhimpur,0.04153937,16.16266369819641,-1.4182382981360755
Narmada,0.041423414,20.11353224515915,-0.20104390301234631
Rajsamand,0.04138159,18.86998862028122,-0.33377942669740457
Sahibganj,0.041376647,18.36627870798111,-0.19371434588396674
Saharsa,0.041223075,20.840846002101898,0.22724809267755797
Fatehabad,0.04121018,17.98466145992279,-0.7310161894232252
Dhemaji,0.041032724,15.232406556606293,-1.772225677070495
Sabar Kantha,0.04082952,16.798235476017,-0.8510234025538435
Shahdol,0.04034759,17.999225854873657,-0.11727901973785948
Kokrajhar,0.040329695,14.897368848323822,-2.4504575145623977
Davanagere,0.040320877,17.67352670431137,-0.33699797776908436
South Tripura,0.04028853,17.69176572561264,-0.48348980111725504
Buxar,0.040116053,17.406627535820007,-0.7758451603364609
Ambala,0.040099796,16.8842613697052,-0.9472962293815124
Kurukshetra,0.04009883,17.515285313129425,-0.6250211871110669
Solan,0.040070277,18.53744089603424,-0.49084164598233215
Nayagarh,0.04000949,17.439979314804077,-0.729962784876657
West Garo Hills,0.039888646,13.421604037284851,-16.454392479686945
Damoh,0.039704338,18.263456225395203,0.030906787912086675
Banka,0.039660513,20.4182967543602,0.2717141467366291
Koraput,0.039252255,17.538604140281677,-0.16813566734495056
Tikamgarh,0.039116338,19.922634959220886,0.17846658566625462
Bhadrak,0.038688693,19.240084290504456,0.012454402177438872
Guna,0.03856898,18.047785758972168,-0.0773504037295496
Raisen,0.038223002,18.581439554691315,0.07134367403406994
Sambalpur,0.038039263,16.03962630033493,-0.7462875680448777
Sidhi,0.03781805,15.797774493694305,-0.37467170501283964
Jorhat,0.037793405,14.081349968910217,-1.7605319019273704
Koppal,0.037725534,16.33259207010269,-0.14610252725344086
Gumla,0.03739738,17.753884196281433,-0.08042236389573354
Seoni,0.0373341,15.926292538642883,-0.3794501127423888
South Goa,0.037253767,15.463526546955109,-0.6364278956651683
Kheda,0.037218507,17.517229914665222,-0.08976493645603711
Gurdaspur,0.037043873,14.568373560905457,-1.3784545446566119
Bagalkot,0.037017826,17.59694516658783,0.07001560141006846
Lakhisarai,0.037001815,16.792763769626617,-0.6578743773351068
Chittaurgarh,0.036967196,16.591358184814453,-0.14726543591661345
Central,0.03645385,14.441254734992981,-1.9856920591279312
Nabarangapur,0.03577378,15.071800351142883,-0.48251438413214176
Chandigarh,0.035657182,14.077287912368774,-1.2379879827071623
Kalahandi,0.0354265,16.294759511947632,0.18968459416060868
Malkangiri,0.035353832,15.055543184280396,-0.14749076390354143
Senapati,0.034943756,14.924712479114532,-1.0649134156209743
Udupi,0.03479169,14.256425201892853,-0.45707884422576406
The Nilgiris,0.034774363,14.953015744686127,-0.4712522348190973
Pathanamthitta,0.034674276,14.661893248558044,-0.44368899836915565
Sahibzada Ajit Singh Nagar,0.033886276,13.353408873081207,-0.9926039963499798
Hailakandi,0.033846505,14.276248216629028,-0.3681600341054223
Barwani,0.033751313,17.055971920490265,-0.03602223003092475
Dakshin Bastar Dantewada,0.033316478,14.838315546512604,-0.11232835354356796
Muktsar,0.03306148,14.074398577213287,-0.33760814420071483
Burhanpur,0.033031672,14.454054832458496,-0.38410683693016634
Kulgam,0.032674335,13.721446692943573,-0.4140432531531786
Chikkaballapura,0.032613482,13.052621483802795,-0.5340559671679834
Haveri,0.032064356,13.176226615905762,-0.18422740363050827
Marigaon,0.03171639,12.492723017930984,-0.8345120952675278
Tapi,0.031666018,12.404094636440277,-1.7848633254466248
Bageshwar,0.031652495,12.466852366924286,-1.2162882765849137
Hazaribagh,0.031623624,16.25809818506241,0.2923325842780312
Bishnupur,0.031565912,13.127975165843964,-8.18036281654099
Rajgarh,0.03152201,16.737577319145203,0.405548469409139
Kullu,0.03133875,12.977956235408783,-0.591354063775527
Purba Champaran,0.030776324,10.282235592603683,-7633.9232011327995
Saraikela-Kharsawan,0.030625183,13.805106282234192,-0.10846561659252618
Neemuch,0.030576868,13.04391324520111,-0.22158831956013647
Kandhamal,0.030397562,12.773850560188293,-0.18495118376605846
Idukki,0.030299412,11.956505477428436,-0.9776593287727042
Shajapur,0.030147085,13.413286209106445,0.1964129902300059
Panchkula,0.029776258,12.0065838098526,-0.6697713938683079
Mandsaur,0.029745229,12.972243130207062,0.07507533723329818
Sirmaur,0.029140446,11.646997183561325,-0.7567137453460429
East Siang,0.029024513,11.233914643526077,-0.8339533871008558
Yadgir,0.028949015,13.514439761638641,0.2897706830657407
Nuapada,0.02859844,11.424638330936432,-0.5664375883556874
Bijapur,0.028419586,12.88391649723053,0.26539540967829955
Dhalai,0.02828012,10.917381942272186,-0.8539429362458779
Tarn Taran,0.027958363,11.133064329624176,-0.4511687555079036
Kaimur (Bhabua),0.02770898,12.11896762251854,0.3191328835059233
Fatehgarh Sahib,0.02753207,10.885114967823029,-0.7145879588384385
Ri Bhoi,0.027381893,9.252088516950607,-177.3887157150297
Dadra & Nagar Haveli,0.026854543,10.092714428901672,-3.558136365936818
Nalbari,0.026785882,10.976561158895493,-0.5141193486131894
Gadag,0.026488792,10.559802502393723,-0.3688759646222892
Chikmagalur,0.026276158,10.051842778921127,-1.406239591274343
Shahid Bhagat Singh Nagar,0.026259799,10.071496665477753,-1.0998437123815927
Dimapur,0.026254533,10.753173381090164,-0.4198364597171427
Sivasagar,0.02619168,9.79825183749199,-1.3179552517274415
Udalguri,0.026009683,9.803158789873123,-1.3302632202394449
Rupnagar,0.02569784,10.154568403959274,-0.7933580483279301
Munger,0.02545066,11.334990710020065,-0.139541053148158
Chatra,0.02516813,11.505239456892014,0.2693042165759473
Samba,0.024962397,9.754113852977753,-0.7381095743971651
Ukhrul,0.02485447,9.245650470256805,-2.8386682538807304
Baksa,0.02483861,9.3099907040596,-1.097473917201662
Rayagada,0.024770554,10.110500454902649,-0.10225210795086359
Perambalur,0.02473604,10.122974961996078,-0.10341366488271708
Gajapati,0.024534937,10.332843661308289,-0.0678469230252221
Jehanabad,0.02452134,10.290898382663727,-1.8634910801456819
Datia,0.024281142,9.894762933254242,-0.2817900570290097
Mandla,0.024237197,9.583619982004166,-0.1721885115270394
Umaria,0.023761902,9.814503788948059,0.033445537032316786
East Garo Hills,0.023704875,7.486686110496521,-171.26058107472582
Deoghar,0.02358958,11.221051961183548,0.371173991152261
Dumka,0.023573967,10.596812516450882,0.360941116744953
Jhabua,0.023179274,12.296022474765778,0.49804054314782487
Sagar,0.02286192,9.146393090486526,-0.4594695758849128
Jharsuguda,0.022204531,8.479586243629456,-1.1883432630689286
Changlang,0.022186734,8.207274228334427,-0.8285612578161332
Jamtara,0.02217805,8.580577373504639,-0.495064411181078
Kodarma,0.022163885,8.981799334287643,-0.3497359783129439
Barnala,0.021851476,8.680641651153564,-0.2718677983921116
Reasi,0.02184294,8.803705871105194,-0.18665737092226853
Mansa,0.021723151,8.70729610323906,-0.5065096527648221
Arwal,0.021565976,8.806835860013962,-3.6080280931006925
Ramgarh,0.021542132,8.517176657915115,-0.33080208283908785
Dindori,0.021430122,8.284080028533936,-0.550747308085084
Wayanad,0.021421678,8.04523229598999,-1.4314076180969484
The Dangs,0.021160664,7.947198301553726,-4.322018878103121
Anuppur,0.021072663,8.413568139076233,-0.09590194676602803
Sheohar,0.020651827,8.163707703351974,-2.674243156642206
Harda,0.020464718,7.931910455226898,-2.1989864332427422
Sheikhpura,0.020266922,8.384904265403748,-1.0308367379089258
West Kameng,0.020049514,7.0922330021858215,-2.916737803730058
Latehar,0.020049058,7.809540629386902,-0.3690316959804083
Moga,0.019747674,7.493891566991806,-0.7018980735302913
Pakur,0.019513424,7.285671681165695,-0.016911013076283066
Diu,0.019470293,7.083293795585632,-3.1633153764968656
Porbandar,0.019409517,7.017389684915543,-3.9778752654449203
Dima Hasao,0.019166168,6.891775131225586,-1.4894095092653123
Kishtwar,0.019058807,7.227029651403427,-0.4464263744993693
Narayanpur,0.018937705,7.264789938926697,-0.11444992442216018
Alirajpur,0.018729057,7.561866194009781,0.019331871351639718
Simdega,0.018329782,7.252959907054901,-0.1276870815068487
Kodagu,0.017717663,6.577099114656448,-2.5389979184220315
Aizawl,0.017694203,6.664813309907913,-0.5813895485802647
Tawang,0.017390063,6.037471070885658,-4.468764318380889
Churachandpur,0.017377095,6.598532944917679,-0.17977426388858397
Ramanagara,0.017288128,6.327644735574722,-66172103.45670152
Karaikal,0.016899493,6.288251280784607,-1.0425543487060396
Subarnapur,0.016811527,6.397870182991028,-0.5379847656715664
South Andaman,0.016154906,5.906857922673225,-1.156791127936494
East Kameng,0.016103944,5.542326718568802,-12.24331208602081
Debagarh,0.016070375,5.853860080242157,-1.6675960136544261
Kurung Kumey,0.016067045,5.5465854704380035,-7.70042009982269
Lakshadweep,0.01586937,5.74209950864315,-16.467789415746214
Sheopur,0.015867118,6.743015348911285,0.17023854348609913
Khunti,0.015845831,6.134332716464996,-0.5529662886337767
Panna,0.01554372,6.980616599321365,0.5934168984204715
Upper Siang,0.01547417,5.479437485337257,-1.4816302492656992
Faridkot,0.014743739,5.52624985575676,-0.36979669998950926
Kinnaur,0.01474143,5.221270024776459,-3.3551017966911267
Yanam,0.014734449,5.341733247041702,-11889.334659772496
Mon,0.014717761,5.311288312077522,-0.8362091252480961
Upper Subansiri,0.014691323,5.101010575890541,-4.656419968985581
Lohit,0.01404854,4.912654682993889,-2.3882356386523447
Lower Dibang Valley,0.013745058,4.782149940729141,-4.85893387444243
Chandel,0.013738682,4.959448054432869,-1.2382818793430816
Mamit,0.01368171,4.749641567468643,-5.701821187645079
Papum Pare,0.013043622,4.561128094792366,-4.951796941848486
Peren,0.012969418,4.435740038752556,-31.646794450101794
Lohardaga,0.012887842,4.81976792216301,0.09264138604450645
North & Middle Andaman,0.012874791,4.671945422887802,-0.6977841802794547
Lower Subansiri,0.012608473,4.286711663007736,-109.71660505838892
Kolasib,0.0124143,4.267308488488197,-19.147378814646547
Lawangtlai,0.0123127205,4.421782121062279,-0.9156641914728365
Purbi Singhbhum,0.0118547175,4.226662591099739,-18.85977778471964
Tamenglong,0.011563593,4.309070855379105,-10.072498867134255
Serchhip,0.011540853,3.9626415818929672,-169.12463506354828
Wokha,0.0113030765,3.8645610213279724,-27.459882415776597
Mokokchung,0.011293038,3.8840793073177338,-12.332855452162983
Longleng,0.011196682,3.8056574761867523,-253.9732150893825
Champhai,0.011161616,3.8905661553144455,-8.92625156065348
Saiha,0.01097142,3.774002566933632,-14.79964079626836
Lunglei,0.010850666,3.7662379443645477,-4.04635549779497
New Delhi,0.010782482,3.800077736377716,-9.692766625277429
Dibang Valley,0.010504464,3.578444942831993,-39.58393867176135
Phek,0.010437598,3.5788998007774353,-13.048510587077754
Tirap,0.0103347,3.5343244671821594,-24.46666302612641
Zunheboto,0.010281251,3.557290881872177,-3.396677405468246
Kohima,0.010204872,3.527020663022995,-11.662157034637175
Anjaw,0.010110552,3.45488041639328,-15.166276317669805
Kiphire,0.009978288,3.4260641783475876,-17.511013777280876
Nicobar,0.009760545,3.385675698518753,-5.907669169616216
Tuensang,0.008753011,3.0075719580054283,-11.234248956711012
Kargil,0.008600453,3.076276555657387,-3.7970879779898645
Leh (Ladakh),0.0078818565,2.7804194018244743,-3.5760703615083083
