district,state,bio_age_5_17_total,bio_age_17_plus_total,bio_total,bio_age5_ratio,bio_age17_ratio,bio_dependency_ratio,bio_7day_avg,bio_7day_std,bio_daily_change,bio_daily_pct_change,bio_state_total_avg,bio_district_total_avg,bio_rank_in_state,avg_quarter,pincode_count,demo_age_5_17_total,demo_age_17_plus_total,demo_total,demo_age5_ratio,demo_age17_ratio,demo_dependency_ratio,demo_7day_avg,demo_7day_std,demo_daily_change,demo_daily_pct_change,demo_rank_in_state,enrol_age_0_5_total,enrol_age_5_17_total,enrol_age_18_plus_total,enrol_total,enrol_minor_ratio,enrol_adult_ratio,enrol_7day_avg,enrol_7day_std,enrol_daily_change,enrol_daily_pct_change,enrol_rank_in_state,enrol_total_national_rank,enrol_total_state_rank,enrol_total_percentile,bio_total_national_rank,bio_total_state_rank,bio_total_percentile,demo_total_national_rank,demo_total_state_rank,demo_total_percentile,enrol_minor_ratio_national_rank,enrol_minor_ratio_state_rank,enrol_minor_ratio_percentile,enrol_adult_ratio_national_rank,enrol_adult_ratio_state_rank,enrol_adult_ratio_percentile,bio_dependency_ratio_national_rank,bio_dependency_ratio_state_rank,bio_dependency_ratio_percentile,enrol_daily_pct_change_national_rank,enrol_daily_pct_change_state_rank,enrol_daily_pct_change_percentile,bio_7day_std_national_rank,bio_7day_std_state_rank,bio_7day_std_percentile,enrol_7day_std_national_rank,enrol_7day_std_state_rank,enrol_7day_std_percentile,performance_tier,bio_enrol_ratio
Hyderabad,Andhra Pradesh,9920.0,39482.0,49402.0,0.2086,0.7847,0.2699,232.1532,28.631,17.0149,8.2238,3714633.0,105744.0,14.0,2.2637,55,10619.0,67258.0,77877.0,0.138,0.8611,0.1611,1228.4153,180.7075,126.8246,13.1043,2.0,6877.0,2485.0,325.0,9687.0,0.9395,0.0566,400.1667,46.374,70.0909,31.8508,1.0,17,1,92.5,141,4,36.7,15,1,93.4,128,2,42.3,93,3,58.1,220,4,0.9,70,1,68.6,218,4,1.8,101,1,54.5,Top 10%,5.0993
Prakasam,Andhra Pradesh,85031.0,36592.0,121623.0,0.6669,0.3276,2.4717,294.2762,102.5439,-1.2835,13.5339,3714633.0,212299.0,9.0,2.2506,99,1188.0,7219.0,8407.0,0.144,0.8548,0.1691,884.863,51.3657,37.6667,3.6551,9.0,91.0,108.0,38.0,237.0,0.8361,0.1597,237.0,0.0,0.0,0.0,8.0,203,3,8.6,24,2,89.6,137,3,38.5,210,4,5.4,12,1,95.0,12,1,95.0,140,3,20.8,130,3,41.6,149,3,16.7,Bottom 25%,511.021
Sri Potti Sriramulu Nellore,Andhra Pradesh,65437.0,31432.0,96869.0,0.6393,0.3517,2.1858,229.7168,150.5349,4.9525,116.9365,3714633.0,168612.0,12.0,2.235,84,726.0,4065.0,4791.0,0.1561,0.8418,0.1854,580.75,100.6983,72.375,20.3172,12.0,1124.0,669.0,274.0,2067.0,0.8453,0.146,147.1786,3.182,0.9286,1.3381,4.0,100,2,55.2,52,3,76.9,165,4,25.8,209,3,5.9,13,2,94.6,25,3,89.1,138,2,38.0,90,2,59.7,146,2,34.4,Above average,46.8419
Visakhapatnam,Andhra Pradesh,114594.0,58139.0,172733.0,0.6277,0.368,2.2059,518.444,150.9341,-29.62,0.6944,3714633.0,311303.0,2.0,2.2457,88,4963.0,29954.0,34917.0,0.1408,0.8577,0.1651,709.5162,63.1765,8.7083,1.4965,4.0,186.0,28.0,12.0,226.0,0.9427,0.0529,226.0,0.0,0.0,0.0,5.0,204,4,8.1,10,1,95.9,47,2,79.2,123,1,44.8,101,4,54.8,24,2,89.6,140,3,20.8,87,1,61.1,149,3,16.7,Bottom 25%,760.9383
Barpeta,Assam,26224.0,8706.0,34930.0,0.6918,0.3023,3.1525,536.9429,164.3091,-70.4286,-4.3502,982722.0,95421.0,2.0,2.2468,21,678.0,5327.0,6005.0,0.1064,0.8927,0.1196,1075.6667,187.5248,186.0,18.6194,4.0,4237.0,1408.0,321.0,5966.0,0.9208,0.0751,305.4333,130.5319,184.6,132.7257,3.0,47,3,79.2,175,2,21.3,158,5,29.0,161,3,27.6,61,9,72.9,4,2,98.6,18,2,92.3,79,2,64.7,46,3,79.6,Top 25%,5.8539
Bongaigaon,Assam,9886.0,4381.0,14267.0,0.6725,0.3192,2.7908,365.8373,144.4462,-29.8043,17.9744,982722.0,36608.0,7.0,2.2609,12,984.0,9767.0,10751.0,0.094,0.9049,0.1041,1183.9444,128.9499,5.8889,3.4036,10.0,600.0,193.0,106.0,899.0,0.8177,0.1714,138.1111,23.128,12.8333,18.3105,26.0,157,11,29.4,207,7,6.8,116,1,48.0,214,11,3.6,8,1,96.8,9,3,96.4,106,11,52.5,94,4,57.9,129,11,42.1,Below average,15.8522
Dhubri,Assam,17798.0,6814.0,24612.0,0.6591,0.3347,2.5429,394.9543,173.939,-30.9231,11.0283,982722.0,59475.0,4.0,2.2564,20,879.0,7026.0,7905.0,0.1088,0.8904,0.1225,1133.0556,227.8295,280.0,34.1174,2.0,2095.0,1158.0,131.0,3384.0,0.948,0.0485,288.1852,185.3839,134.0,174.1622,6.0,71,7,68.3,195,4,12.2,139,2,37.6,111,1,50.2,111,11,50.2,11,4,95.5,9,1,96.4,69,1,69.2,24,1,89.6,Above average,7.2709
Goalpara,Assam,6508.0,3468.0,9976.0,0.6154,0.3761,2.0492,199.0116,98.2102,28.413,36.8059,982722.0,27624.0,14.0,2.2391,12,917.0,5700.0,6617.0,0.1371,0.8619,0.1589,1115.2,268.8321,262.0,25.9458,9.0,3135.0,1180.0,608.0,4923.0,0.822,0.1714,239.4804,73.3667,83.0,72.6187,9.0,57,4,74.7,211,10,5.0,153,4,31.2,213,10,4.1,9,2,96.4,30,9,86.9,36,6,84.2,132,9,40.7,76,6,66.1,Above average,2.026
Hailakandi,Assam,7085.0,2577.0,9662.0,0.6602,0.3282,2.4704,122.349,66.5666,58.5882,64.9404,982722.0,21123.0,20.0,2.2745,14,76.0,703.0,779.0,0.0974,0.9013,0.108,547.0,328.0975,464.0,147.3016,21.0,925.0,430.0,124.0,1479.0,0.8663,0.1259,188.3571,32.4259,45.8571,23.7602,19.0,127,10,43.0,212,11,4.5,216,11,2.7,202,6,9.0,19,6,91.9,14,5,94.1,88,10,60.6,183,11,17.6,119,9,46.6,Below average,6.5284
Hojai,Assam,5970.0,5111.0,11081.0,0.4865,0.5075,1.0763,327.7248,115.0498,1.2973,14.7614,982722.0,29002.0,12.0,2.2703,10,406.0,3022.0,3428.0,0.1184,0.881,0.1343,1714.0,0.0,0.0,0.0,18.0,2790.0,679.0,134.0,3603.0,0.9248,0.071,291.9583,163.8276,217.5,100.1077,16.0,69,6,69.2,210,9,5.4,176,7,20.8,157,2,29.4,65,10,71.0,86,10,61.5,27,4,88.2,116,6,48.0,30,2,86.9,Above average,3.0746
Kamrup,Assam,15065.0,5094.0,20159.0,0.6545,0.3329,3.1858,195.9506,116.2606,-4.2281,41.2124,982722.0,43252.0,5.0,2.2632,33,332.0,2750.0,3082.0,0.1077,0.8917,0.1206,1541.0,0.0,0.0,0.0,5.0,4500.0,1771.0,721.0,6992.0,0.8526,0.1383,160.9028,40.3398,49.7222,42.1623,4.0,37,2,83.7,199,5,10.4,181,8,18.6,208,9,6.3,14,3,94.1,3,1,99.1,56,7,75.1,115,5,48.4,109,8,51.1,Top 25%,2.8827
Kokrajhar,Assam,9273.0,4046.0,13319.0,0.6423,0.3494,2.4265,284.4517,113.2294,-33.0,4.7698,982722.0,28859.0,13.0,2.2542,15,187.0,1488.0,1675.0,0.0968,0.9009,0.109,549.2778,34.2867,8.3333,-1.2186,19.0,989.0,763.0,193.0,1945.0,0.8968,0.0979,251.2738,68.897,37.4286,26.9077,21.0,106,9,52.5,208,8,6.3,201,9,9.5,184,4,17.2,39,8,82.8,17,6,92.8,81,9,63.8,117,7,47.5,82,7,63.3,Above average,6.8443
Marigaon,Assam,9273.0,5039.0,14312.0,0.6117,0.381,2.162,318.996,152.8149,0.58,15.7248,982722.0,33936.0,9.0,2.24,13,105.0,1023.0,1128.0,0.093,0.9061,0.1025,1014.6667,98.1495,170.0,17.7453,6.0,2819.0,1572.0,366.0,4757.0,0.887,0.1067,193.1127,85.657,113.0588,89.9994,8.0,59,5,73.8,206,6,7.2,210,10,5.4,191,5,14.0,32,7,86.0,27,8,88.2,31,5,86.4,86,3,61.5,67,5,70.1,Above average,3.008
Nagaon,Assam,17286.0,24993.0,42279.0,0.3896,0.6018,0.7874,312.5523,104.7843,35.1692,19.5849,982722.0,117879.0,1.0,2.2615,34,438.0,3856.0,4294.0,0.0922,0.9068,0.1018,1347.2222,332.4083,226.0,8.8302,1.0,2081.0,1038.0,233.0,3352.0,0.8628,0.1332,319.0833,108.6874,139.5,115.0412,5.0,72,8,67.9,162,1,27.1,171,6,23.1,206,8,7.2,16,4,93.2,147,11,33.9,23,3,90.0,125,8,43.9,54,4,76.0,Above average,12.6093
South Salmara Mancachar,Assam,21095.0,10987.0,32082.0,0.6175,0.3713,2.2286,157.21,88.9937,15.6281,44.6175,982722.0,70993.0,3.0,2.2563,53,454.0,6558.0,7012.0,0.074,0.9248,0.0802,1096.5,468.0769,368.6,46.2897,3.0,6037.0,2504.0,1020.0,9561.0,0.8638,0.1286,170.71,27.9497,34.52,33.1767,1.0,19,1,91.9,182,3,18.1,149,3,33.0,204,7,8.1,18,5,92.3,23,7,90.0,68,8,69.7,154,10,30.8,123,10,44.8,Top 10%,3.3552
Bhagalpur,Bihar,37027.0,35623.0,72650.0,0.4889,0.5059,1.0282,701.4444,169.9851,-55.439,-0.9531,4897587.0,148314.0,14.0,2.252,31,930.0,4372.0,5302.0,0.1753,0.8243,0.2126,2341.8333,305.9956,265.0,12.4941,12.0,3769.0,4548.0,276.0,8593.0,0.9644,0.0334,464.0784,73.3485,40.4118,48.3458,8.0,26,2,88.7,102,4,54.3,162,3,27.1,66,3,70.6,155,2,30.3,93,1,58.4,51,2,77.4,74,3,67.0,77,2,65.6,Top 25%,8.4536
Darbhanga,Bihar,51863.0,53458.0,105321.0,0.4886,0.5076,0.9959,718.2493,147.2545,-31.5488,1.9095,4897587.0,210380.0,5.0,2.25,42,237.0,2356.0,2593.0,0.0914,0.9082,0.1006,2593.0,0.0,0.0,0.0,13.0,255.0,183.0,10.0,448.0,0.9755,0.0223,448.0,0.0,0.0,0.0,13.0,188,4,15.4,37,2,83.7,190,4,14.5,30,1,86.9,195,4,12.2,102,3,54.3,140,3,20.8,92,4,58.8,149,4,16.7,Bottom 25%,234.5679
Katihar,Bihar,52445.0,53952.0,106397.0,0.4851,0.5133,0.9833,1453.3942,333.8754,-87.4762,-0.7163,4897587.0,217280.0,4.0,2.25,21,1274.0,8724.0,9998.0,0.1274,0.8724,0.146,4367.75,972.9762,757.5,21.7423,7.0,758.0,678.0,44.0,1480.0,0.9648,0.0324,381.75,16.617,-23.5,-4.7475,12.0,126,3,43.4,36,1,84.2,123,2,44.8,64,2,71.5,158,3,29.0,104,4,53.4,217,4,2.3,21,1,91.0,139,3,37.6,Below average,71.8413
Sitamarhi,Bihar,46889.0,44708.0,91597.0,0.4983,0.4992,1.0185,1037.7459,171.6805,-49.3061,-3.0286,4897587.0,182000.0,10.0,2.2551,25,768.0,9424.0,10192.0,0.0753,0.9245,0.0815,4943.9167,234.4134,182.5,3.8575,9.0,12104.0,11657.0,2092.0,25853.0,0.9135,0.0843,436.712,180.3703,136.3171,86.7881,2.0,1,1,100.0,67,3,70.1,121,1,45.7,167,4,24.9,49,1,78.3,96,2,57.0,34,1,85.1,72,2,67.9,25,1,89.1,Top 10%,3.5429
Chandigarh,Chandigarh,38032.0,14232.0,52264.0,0.5916,0.4009,2.3796,391.0018,178.8808,314.1807,125.4034,74482.0,74476.0,1.0,2.253,21,9189.0,37056.0,46245.0,0.1973,0.801,0.2542,912.1031,150.586,12.7843,3.061,1.0,86.0,21.0,10.0,117.0,0.9068,0.0847,117.0,0.0,0.0,0.0,1.0,213,1,4.1,134,1,39.8,34,1,85.1,177,1,20.4,48,1,78.7,19,1,91.9,140,1,20.8,66,1,70.6,149,1,16.7,Bottom 25%,442.9153
Baloda Bazar,Chhattisgarh,16093.0,55312.0,71405.0,0.2303,0.768,0.3088,836.764,399.1099,151.0882,44.1689,2648734.0,140747.0,7.0,2.25,17,2478.0,30370.0,32848.0,0.0809,0.9186,0.089,2134.7436,893.6904,180.4615,25.4511,5.0,492.0,35.0,17.0,544.0,0.967,0.0312,544.0,0.0,0.0,0.0,7.0,178,6,19.9,106,6,52.5,52,3,76.9,59,5,73.8,163,3,26.7,215,2,3.2,140,2,20.8,15,1,93.7,149,2,16.7,Bottom 25%,131.0183
Balrampur-Ramanujganj,Chhattisgarh,5675.0,18903.0,24578.0,0.2398,0.7588,0.3289,643.2125,335.8977,174.5357,62.1793,2648734.0,52243.0,22.0,2.25,7,1358.0,26540.0,27898.0,0.052,0.9477,0.0552,2766.0833,2639.4572,2916.6667,397.9572,16.0,1344.0,579.0,65.0,1988.0,0.9598,0.038,497.0,0.0,0.0,0.0,5.0,103,1,53.8,196,7,11.8,57,4,74.7,79,7,64.7,142,1,36.2,214,1,3.6,140,2,20.8,20,2,91.4,149,2,16.7,Above average,12.357
Bilaspur,Chhattisgarh,19231.0,73780.0,93011.0,0.2212,0.7761,0.2987,865.7925,310.9732,157.0674,33.6396,2648734.0,195037.0,1.0,2.2584,23,4831.0,49637.0,54468.0,0.0913,0.9079,0.1011,1976.0674,753.4617,241.625,21.6167,1.0,1156.0,309.0,11.0,1476.0,0.9919,0.0074,1476.0,0.0,0.0,0.0,1.0,128,3,41.9,62,2,72.2,25,2,88.9,2,1,98.9,217,6,1.6,217,4,2.0,140,2,20.8,25,4,88.9,149,2,16.7,Below average,62.9729
Bilaspur,Chhattisgarh,19231.0,73780.0,93011.0,0.2212,0.7761,0.2987,865.7925,310.9732,157.0674,33.6396,2648734.0,195037.0,1.0,2.2584,23,77.0,516.0,593.0,0.1295,0.8652,0.1488,210.1667,16.2654,-16.3333,-7.8958,10.0,1156.0,309.0,11.0,1476.0,0.9919,0.0074,1476.0,0.0,0.0,0.0,1.0,128,3,41.9,62,2,72.2,218,7,1.6,2,1,98.9,217,6,1.6,217,4,2.0,140,2,20.8,25,4,88.9,149,2,16.7,Below average,62.9729
Durg,Chhattisgarh,17295.0,60722.0,78017.0,0.2247,0.7714,0.3013,734.1809,160.9291,69.5053,12.5571,2648734.0,179851.0,4.0,2.2526,25,4177.0,22676.0,26853.0,0.1621,0.8368,0.1961,1646.9429,371.5758,203.4286,19.9615,12.0,721.0,132.0,26.0,879.0,0.9686,0.0291,411.75,39.2444,55.5,14.4531,10.0,158,5,29.0,89,4,60.2,58,5,74.2,56,4,75.1,167,4,24.9,216,3,2.7,116,1,48.0,81,7,63.8,111,1,50.2,Below average,88.6557
Raigarh,Chhattisgarh,12375.0,63177.0,75552.0,0.1719,0.8258,0.2138,939.638,319.2501,194.3438,32.3488,2648734.0,174626.0,5.0,2.25,16,757.0,6262.0,7019.0,0.1091,0.8901,0.1228,1388.9667,231.5889,95.8,30.5433,9.0,1318.0,181.0,23.0,1522.0,0.9826,0.016,761.0,0.0,0.0,0.0,6.0,123,2,44.8,93,5,58.4,148,6,33.5,16,3,93.2,206,5,7.2,221,7,0.5,140,2,20.8,23,3,90.0,149,2,16.7,Below average,49.6074
Raipur,Chhattisgarh,19700.0,75137.0,94837.0,0.2196,0.7762,0.2877,647.6999,190.8739,139.3675,28.7914,2648734.0,192374.0,2.0,2.265,31,6337.0,54062.0,60399.0,0.1077,0.8912,0.1217,1159.1406,182.2645,17.5098,6.0478,4.0,299.0,12.0,11.0,322.0,0.9628,0.0341,322.0,0.0,0.0,0.0,2.0,199,7,10.4,55,1,75.6,21,1,91.0,73,6,67.4,151,2,32.1,219,6,1.4,140,2,20.8,58,6,74.2,149,2,16.7,Bottom 25%,293.613
Dadra And Nagar Haveli,Dadra and Nagar Haveli and Daman and Diu,6583.0,10763.0,17346.0,0.4071,0.5833,0.8149,401.936,320.229,-47.3721,100.4886,39268.0,35732.0,1.0,2.2326,7,156.0,966.0,1122.0,0.1388,0.8594,0.1612,594.75,52.0205,-40.5,-6.3084,1.0,548.0,141.0,27.0,716.0,0.9569,0.04,303.5,77.0746,109.0,43.7751,1.0,165,1,25.8,203,1,8.6,211,1,5.0,87,1,61.1,134,1,39.8,139,1,37.6,54,1,76.0,22,1,90.5,73,1,67.4,Below average,24.1925
Central Delhi,Delhi,13808.0,18165.0,31973.0,0.4036,0.5927,0.7028,987.4,305.63,46.5312,15.2343,1304362.0,54060.0,8.0,2.25,8,1765.0,16611.0,18376.0,0.0964,0.903,0.1071,2477.3542,371.7385,-131.375,-3.5106,8.0,1195.0,523.0,94.0,1812.0,0.9327,0.0618,218.5,19.799,16.0,5.8048,8.0,114,7,48.9,183,8,17.6,79,8,64.7,139,6,37.6,84,6,62.4,158,6,29.0,136,10,38.9,27,7,88.2,135,9,39.4,Below average,17.6354
East Delhi,Delhi,31356.0,42636.0,73992.0,0.3967,0.6024,0.7351,2311.6062,896.175,123.625,21.0135,1304362.0,122805.0,6.0,2.25,8,18673.0,106760.0,125433.0,0.1427,0.8569,0.1693,4054.8644,891.5247,2.8788,3.0435,4.0,3624.0,1366.0,163.0,5153.0,0.9638,0.0343,620.7083,97.0928,67.0,16.7393,5.0,54,3,76.0,96,6,57.0,4,2,98.6,70,2,68.8,150,9,32.6,152,4,31.7,110,6,50.7,2,2,99.5,59,4,73.8,Top 25%,14.3562
New Delhi,Delhi,1258.0,1153.0,2411.0,0.5124,0.4841,1.105,332.5396,64.0198,-9.5,0.9292,1304362.0,4563.0,10.0,2.25,2,44.0,321.0,365.0,0.1202,0.877,0.1366,462.3333,84.2931,-146.0,-28.5714,10.0,793.0,454.0,207.0,1454.0,0.8299,0.163,144.7222,23.8059,33.6667,28.0106,10.0,132,9,40.7,221,10,0.5,221,10,0.5,212,10,4.5,10,1,95.9,79,1,64.7,79,3,64.7,185,10,16.7,128,8,42.5,Below average,1.657
North Delhi,Delhi,14190.0,20409.0,34599.0,0.4057,0.5937,0.6992,2179.4625,581.6178,62.5625,7.633,1304362.0,60830.0,7.0,2.25,4,6267.0,48064.0,54331.0,0.109,0.8906,0.123,3487.6487,651.1908,-92.9412,-2.6345,7.0,895.0,553.0,51.0,1499.0,0.9628,0.0344,336.875,53.5633,75.75,25.1822,7.0,125,8,43.9,177,7,20.4,27,7,88.2,74,3,67.0,148,8,33.5,162,7,27.1,86,5,61.5,9,6,96.4,95,5,57.5,Below average,23.066
North East Delhi,Delhi,46124.0,68323.0,114447.0,0.3323,0.6659,0.7126,3951.3085,2238.0323,56.931,48.8735,1304362.0,189716.0,3.0,2.2414,5,18106.0,67977.0,86083.0,0.2021,0.7977,0.2549,6276.8614,2213.5963,350.5385,21.1443,6.0,3866.0,2152.0,41.0,6059.0,0.9927,0.0068,1803.5,305.7058,432.3333,27.4149,3.0,46,2,79.6,30,3,86.9,11,5,95.5,1,1,100.0,221,10,0.5,157,5,29.4,80,4,64.3,1,1,100.0,12,2,95.0,Top 25%,18.8856
North West Delhi,Delhi,73602.0,113450.0,187052.0,0.3931,0.6056,0.6822,2921.713,739.208,-70.4493,1.0982,1304362.0,325293.0,1.0,2.2464,18,23749.0,137086.0,160835.0,0.1474,0.8521,0.1775,3424.1719,596.6756,-153.5882,-2.1066,1.0,2717.0,1051.0,151.0,3919.0,0.9583,0.0393,423.1574,41.4522,20.8889,5.8747,2.0,66,4,70.6,8,1,96.8,1,1,100.0,83,4,62.9,136,7,38.9,167,8,24.9,134,9,39.8,4,4,98.6,108,6,51.6,Above average,47.7173
Shahdara,Delhi,1884.0,3342.0,5226.0,0.3487,0.6451,0.5647,318.2385,91.4013,18.75,15.3265,1304362.0,7963.0,9.0,2.25,4,3165.0,12286.0,15451.0,0.2144,0.785,0.28,1670.8444,214.221,51.4444,5.803,9.0,819.0,384.0,48.0,1251.0,0.9265,0.0695,320.6667,158.389,160.0,147.4816,9.0,140,10,37.1,219,9,1.4,93,9,58.4,154,7,30.8,66,4,70.6,184,10,17.2,15,2,93.7,151,9,32.1,31,3,86.4,Below average,4.1741
South Delhi,Delhi,57039.0,78626.0,135665.0,0.4159,0.5824,0.7544,1819.8207,743.1195,37.8608,13.0818,1304362.0,222936.0,2.0,2.2405,20,12283.0,97561.0,109844.0,0.1138,0.8856,0.1299,3302.3893,630.7238,-264.0,-5.4605,3.0,2034.0,795.0,232.0,3061.0,0.8827,0.1106,209.8155,9.4097,14.1429,10.311,4.0,80,5,64.3,19,2,91.9,6,4,97.7,194,9,12.7,28,2,87.8,151,3,32.1,128,7,42.5,3,3,99.1,143,10,35.7,Above average,44.306
South West Delhi,Delhi,37235.0,44121.0,81356.0,0.4481,0.5493,0.8514,911.8142,217.1945,-15.375,3.0741,1304362.0,141527.0,5.0,2.25,24,10275.0,68988.0,79263.0,0.129,0.8703,0.1495,2513.7399,308.962,-91.9412,-2.7634,5.0,1676.0,694.0,164.0,2534.0,0.9079,0.0861,264.3056,27.6548,29.8889,10.0213,6.0,89,6,60.2,81,5,63.8,14,6,94.1,176,8,20.8,45,3,80.1,133,2,40.3,129,8,42.1,48,8,78.7,126,7,43.4,Above average,32.0931
West Delhi,Delhi,40314.0,62623.0,102937.0,0.3839,0.615,0.6279,2751.9737,710.2204,-39.5,4.9953,1304362.0,173242.0,4.0,2.25,10,15513.0,105184.0,120697.0,0.121,0.8786,0.1402,4877.2537,866.6592,-186.7143,0.3188,2.0,8041.0,2884.0,789.0,11714.0,0.9353,0.063,600.5444,368.4882,275.0,227.2978,1.0,12,1,95.0,42,4,81.4,5,3,98.2,138,5,38.0,83,5,62.9,174,9,21.7,6,1,97.7,5,5,98.2,7,1,97.3,Top 10%,8.7868
Ahmedabad,Gujarat,93559.0,147160.0,240719.0,0.3831,0.6128,0.6934,648.486,212.2287,46.25,50.132,3196514.0,421172.0,1.0,2.2412,80,7281.0,57383.0,64664.0,0.1123,0.8871,0.127,1928.2885,149.8215,-11.9412,0.5151,2.0,4629.0,2832.0,392.0,7853.0,0.927,0.0678,241.8506,38.3252,51.7241,25.8089,2.0,31,4,86.4,5,1,98.2,20,2,91.4,152,4,31.7,71,15,68.3,163,16,26.7,83,6,62.9,52,1,76.9,112,9,49.8,Top 25%,30.6492
Banaskantha,Gujarat,38396.0,39989.0,78385.0,0.4772,0.5204,0.953,636.9258,167.2753,93.3303,35.5083,3196514.0,152304.0,5.0,2.2569,27,1954.0,9993.0,11947.0,0.163,0.8365,0.1948,1962.4472,27.4918,27.0,1.4021,5.0,8280.0,8544.0,1786.0,18610.0,0.8637,0.1314,251.6618,145.2234,147.3958,102.71,1.0,2,1,99.5,88,6,60.6,109,6,51.1,205,14,7.7,17,4,92.8,110,10,50.7,26,1,88.7,76,2,66.1,39,1,82.8,Top 10%,4.2118
Bharuch,Gujarat,19886.0,21334.0,41220.0,0.4894,0.5029,0.9981,256.7194,35.7143,13.8312,8.8235,3196514.0,76378.0,19.0,2.2532,40,870.0,5916.0,6786.0,0.1288,0.8706,0.1479,1730.3833,121.9035,-36.25,-1.6973,11.0,441.0,119.0,46.0,606.0,0.9182,0.0768,209.8333,11.078,-15.6667,-7.425,22.0,176,17,20.8,163,14,26.7,150,9,32.6,163,5,26.7,60,13,73.3,100,7,55.2,219,17,1.4,216,17,2.7,142,17,36.2,Bottom 25%,67.9077
Bhavnagar,Gujarat,39245.0,43754.0,82999.0,0.4653,0.5299,0.9508,435.9755,75.3026,40.8208,13.1652,3196514.0,141152.0,6.0,2.2486,44,189.0,1683.0,1872.0,0.1009,0.8986,0.1122,1693.5,252.4371,357.0,23.5644,8.0,2370.0,478.0,163.0,3011.0,0.9302,0.065,258.7273,21.2132,30.0,11.8111,7.0,83,9,62.9,79,5,64.7,198,14,10.9,144,1,35.3,80,17,64.3,111,11,50.2,126,14,43.4,168,7,24.4,133,13,40.3,Above average,27.5561
Dang,Gujarat,8250.0,8627.0,16877.0,0.4953,0.5015,0.9972,862.68,159.2866,5.05,6.9749,3196514.0,27950.0,31.0,2.25,5,412.0,638.0,1050.0,0.3916,0.6065,0.6438,558.3333,51.3783,-40.0,-6.6116,33.0,790.0,241.0,222.0,1253.0,0.8139,0.1799,151.7024,27.4095,34.7143,21.1377,32.0,139,16,37.6,204,17,8.1,212,16,4.5,215,16,3.2,7,2,97.3,101,8,54.8,95,9,57.5,82,3,63.3,127,12,43.0,Below average,13.4585
Gandhinagar,Gujarat,21035.0,25165.0,46200.0,0.4418,0.5501,0.8259,282.9171,48.0143,20.443,12.0452,3196514.0,76564.0,18.0,2.255,38,2504.0,20814.0,23318.0,0.1073,0.8922,0.1203,2362.2114,126.1014,0.7,0.7382,7.0,1272.0,329.0,342.0,1943.0,0.803,0.187,161.7273,11.5305,18.0909,5.9255,20.0,107,13,52.0,149,11,33.0,68,4,69.7,217,17,2.3,6,1,97.7,136,14,38.9,133,16,40.3,205,15,7.7,141,16,36.7,Above average,23.7654
Gir Somnath,Gujarat,12273.0,7674.0,19947.0,0.6156,0.3776,1.8122,268.9008,36.9296,35.7424,16.0173,3196514.0,36766.0,25.0,2.2576,17,192.0,548.0,740.0,0.2588,0.7385,0.3491,416.25,71.2874,-55.5,-11.5385,27.0,2443.0,605.0,262.0,3310.0,0.8993,0.095,216.881,50.7829,38.3571,28.4673,19.0,74,7,67.0,201,16,9.5,217,17,2.3,182,10,18.1,42,9,81.4,46,2,79.6,77,5,65.6,214,16,3.6,98,7,56.1,Above average,6.0245
Jamnagar,Gujarat,23859.0,22993.0,46852.0,0.4717,0.5201,1.0159,240.349,56.1691,10.2737,11.2485,3196514.0,81102.0,17.0,2.2514,47,129.0,1984.0,2113.0,0.061,0.9385,0.065,1855.5,364.16,515.0,32.2278,13.0,1414.0,315.0,155.0,1884.0,0.8936,0.0992,161.7576,13.7567,16.8182,10.8101,18.0,109,15,51.1,145,10,34.8,196,12,11.8,185,11,16.7,37,7,83.7,97,6,56.6,127,15,43.0,195,13,12.2,140,15,37.1,Above average,24.8552
Kachchh,Gujarat,40399.0,33207.0,73606.0,0.5394,0.4538,1.2338,329.2684,58.3426,17.3732,7.3034,3196514.0,123961.0,8.0,2.2488,53,2106.0,16191.0,18297.0,0.1299,0.8693,0.1511,1543.303,96.3508,76.3636,4.2274,6.0,1589.0,1314.0,216.0,3119.0,0.8845,0.1082,180.1786,66.7598,59.4286,89.8347,8.0,78,8,65.2,98,7,56.1,81,5,63.8,192,12,13.6,29,6,87.3,66,3,70.6,32,3,86.0,192,12,13.6,86,4,61.5,Above average,23.5917
Mahesana,Gujarat,25342.0,31536.0,56878.0,0.4379,0.554,0.8195,276.0378,67.3782,39.7022,17.966,3196514.0,99913.0,13.0,2.2584,47,826.0,5692.0,6518.0,0.1279,0.8712,0.1474,1005.1667,98.3937,58.0,5.9273,10.0,1432.0,350.0,145.0,1927.0,0.9096,0.0848,198.4074,17.2651,23.2222,12.1545,17.0,108,14,51.6,127,8,43.0,154,10,30.8,173,6,22.2,47,12,79.2,137,15,38.5,124,13,44.3,181,11,18.6,137,14,38.5,Above average,29.501
Morbi,Gujarat,13714.0,6275.0,19989.0,0.6944,0.2993,2.4708,429.2244,90.5873,42.3171,15.8273,3196514.0,31879.0,27.0,2.2683,11,1292.0,7244.0,8536.0,0.1504,0.8486,0.1772,1190.619,34.4112,22.7143,2.2475,23.0,3773.0,1457.0,462.0,5692.0,0.8999,0.0963,283.8369,142.408,142.0714,95.1193,11.0,50,5,77.8,200,15,10.0,135,7,39.4,180,9,19.0,41,8,81.9,13,1,94.6,29,2,87.3,153,4,31.2,40,2,82.4,Top 25%,3.5112
Patan,Gujarat,21188.0,21779.0,42967.0,0.4597,0.5342,0.8852,407.0716,71.7688,84.5287,19.3671,3196514.0,73949.0,20.0,2.2644,23,124.0,1009.0,1133.0,0.1093,0.8898,0.1228,984.5,210.0107,297.0,35.5263,21.0,2973.0,1484.0,493.0,4950.0,0.871,0.1236,192.8553,79.2118,104.4737,86.0964,9.0,56,6,75.1,160,13,28.1,209,15,5.9,198,13,10.9,20,5,91.4,124,13,44.3,35,4,84.6,173,8,22.2,71,3,68.3,Top 25%,8.6784
Rajkot,Gujarat,47781.0,52513.0,100294.0,0.4648,0.5277,0.9681,433.3089,81.4617,38.3902,13.4105,3196514.0,168711.0,4.0,2.2488,52,3909.0,47877.0,51786.0,0.0756,0.9239,0.082,2247.7596,101.8516,-10.2609,-0.3374,3.0,5454.0,2281.0,668.0,8403.0,0.9026,0.0932,284.8642,42.0327,47.2593,20.8983,5.0,27,3,88.2,48,4,78.7,29,3,87.3,179,8,19.5,43,10,81.0,105,9,52.9,97,10,56.6,161,5,27.6,107,8,52.0,Top 25%,11.9341
Surat,Gujarat,73381.0,80294.0,153675.0,0.4898,0.5027,1.025,536.6295,67.9991,23.8587,14.9936,3196514.0,281599.0,2.0,2.2536,73,14780.0,131251.0,146031.0,0.1063,0.8933,0.1206,4055.5604,172.2537,-49.1892,-0.569,1.0,7022.0,3099.0,409.0,10530.0,0.9299,0.0661,452.8175,61.6944,83.5238,17.8792,3.0,15,2,93.7,14,2,94.1,2,1,99.5,145,2,34.8,76,16,66.1,95,5,57.5,107,12,52.0,178,10,19.9,92,6,58.8,Top 10%,14.5926
Surendranagar,Gujarat,26761.0,28766.0,55527.0,0.4962,0.498,1.0405,413.3615,80.8031,14.0687,10.141,3196514.0,96238.0,14.0,2.2519,33,229.0,1713.0,1942.0,0.1205,0.8783,0.137,906.75,69.4839,109.0,16.1162,16.0,1344.0,905.0,190.0,2439.0,0.9063,0.0886,245.5556,35.9839,50.8889,21.2924,10.0,91,11,59.3,129,9,42.1,197,13,11.3,178,7,19.9,44,11,80.5,92,4,58.8,94,8,57.9,162,6,27.1,116,11,48.0,Above average,22.757
Vadodara,Gujarat,38436.0,72913.0,111349.0,0.3601,0.6347,0.5938,355.7528,71.2427,33.4472,15.5182,3196514.0,201417.0,3.0,2.2535,72,236.0,2371.0,2607.0,0.0905,0.9091,0.0995,2407.0,282.8427,400.0,18.1242,4.0,1787.0,650.0,287.0,2724.0,0.8537,0.1377,144.6083,36.501,23.625,22.8305,6.0,87,10,61.1,31,3,86.4,189,11,14.9,207,15,6.8,15,3,93.7,177,17,20.4,90,7,59.7,174,9,21.7,115,10,48.4,Above average,40.862
Valsad,Gujarat,20970.0,24022.0,44992.0,0.4693,0.5223,0.9235,328.9688,48.0313,12.8296,10.7165,3196514.0,84024.0,16.0,2.2519,34,1589.0,6290.0,7879.0,0.225,0.7738,0.3038,1124.1042,157.6862,-146.0,-12.6622,12.0,1476.0,548.0,150.0,2174.0,0.9279,0.0689,390.1,65.2804,72.6,19.4576,15.0,97,12,56.6,151,12,32.1,140,8,37.1,151,3,32.1,69,14,69.2,119,12,46.6,102,11,54.3,204,14,8.1,88,5,60.6,Above average,20.686
Ambala,Haryana,14386.0,24615.0,39001.0,0.3739,0.62,0.6365,511.8384,87.2865,33.2763,15.9028,1635454.0,72756.0,12.0,2.25,20,1587.0,9457.0,11044.0,0.1455,0.852,0.1712,745.1667,43.2832,-9.5333,-2.753,17.0,245.0,23.0,13.0,281.0,0.9504,0.0461,281.0,0.0,0.0,0.0,14.0,201,9,9.3,168,7,24.4,114,8,48.9,107,6,52.0,117,5,47.5,173,6,22.2,140,4,20.8,156,9,29.9,149,5,16.7,Bottom 25%,138.3014
Faridabad,Haryana,26618.0,31290.0,57908.0,0.406,0.5894,0.7283,1017.4531,175.6355,121.6111,18.9195,1635454.0,118951.0,1.0,2.2593,14,11027.0,69218.0,80245.0,0.1345,0.8646,0.156,2678.8644,172.9303,72.1333,3.4288,1.0,7025.0,1817.0,194.0,9036.0,0.9691,0.0291,614.9227,284.0231,224.5455,94.0607,1.0,24,1,89.6,125,2,43.9,12,1,95.0,53,5,76.5,166,6,25.3,153,4,31.2,30,2,86.9,68,2,69.7,14,1,94.1,Top 25%,6.4079
Gurugram,Haryana,15507.0,19130.0,34637.0,0.4399,0.5545,0.8062,378.6456,48.4327,12.0111,8.7746,1635454.0,70791.0,13.0,2.2444,24,5713.0,42246.0,47959.0,0.1161,0.8829,0.1318,1257.7313,127.849,75.5556,6.8012,2.0,2792.0,941.0,243.0,3976.0,0.8988,0.0975,318.1167,155.9875,110.1111,132.6432,2.0,64,2,71.5,176,9,20.8,32,2,86.0,183,9,17.6,40,3,82.4,142,2,36.2,19,1,91.9,203,10,8.6,32,3,86.0,Above average,8.7093
Hisar,Haryana,27638.0,33502.0,61140.0,0.4215,0.5735,0.7702,770.0202,164.7534,150.3143,21.1026,1635454.0,115867.0,2.0,2.2571,18,2740.0,22161.0,24901.0,0.1115,0.8871,0.1264,962.1343,93.7975,20.7692,1.8123,6.0,350.0,46.0,10.0,406.0,0.973,0.0246,406.0,0.0,0.0,0.0,5.0,193,8,13.1,119,1,46.6,63,6,71.9,40,4,82.4,185,7,16.7,150,3,32.6,140,4,20.8,78,4,65.2,149,5,16.7,Bottom 25%,150.2211
Kaithal,Haryana,18383.0,24935.0,43318.0,0.3848,0.6135,0.6822,890.4735,185.5213,157.8636,27.2199,1635454.0,79936.0,9.0,2.25,11,2129.0,14378.0,16507.0,0.1349,0.8622,0.1585,936.3407,69.9831,-36.6842,-6.4563,14.0,406.0,19.0,10.0,435.0,0.9748,0.0229,435.0,0.0,0.0,0.0,15.0,189,6,14.9,159,4,28.5,88,7,60.6,33,3,85.5,191,8,14.0,168,5,24.4,140,4,20.8,60,1,73.3,149,5,16.7,Bottom 25%,99.3532
Kurukshetra,Haryana,11202.0,24020.0,35222.0,0.3047,0.693,0.4462,776.4958,140.1059,10.2083,7.3567,1635454.0,69992.0,14.0,2.25,12,1379.0,8684.0,10063.0,0.133,0.8653,0.1537,706.6488,73.8813,11.5714,1.3459,19.0,72.0,10.0,11.0,93.0,0.8723,0.117,93.0,0.0,0.0,0.0,20.0,214,10,3.4,173,8,22.2,122,9,45.2,197,10,11.3,25,1,89.1,203,10,8.6,140,4,20.8,101,6,54.8,149,5,16.7,Bottom 25%,374.7021
Nuh,Haryana,12903.0,13191.0,26094.0,0.4861,0.5126,1.0069,987.7722,165.4869,159.6667,29.6705,1635454.0,68325.0,16.0,2.25,6,3120.0,25233.0,28353.0,0.1111,0.8883,0.1255,1682.8356,175.9142,76.625,7.5238,5.0,2420.0,360.0,53.0,2833.0,0.9759,0.0228,985.6667,58.4542,-82.6667,-6.2296,3.0,86,3,61.5,193,10,13.1,56,4,75.1,27,2,88.2,192,9,13.6,99,1,55.7,218,10,1.8,77,3,65.6,94,4,57.9,Above average,9.2075
Panipat,Haryana,15835.0,24457.0,40292.0,0.3569,0.6386,0.5707,807.4757,150.9009,83.5,14.3079,1635454.0,79773.0,10.0,2.25,12,6142.0,35858.0,42000.0,0.1381,0.8599,0.1605,2658.3875,83.843,-14.625,-2.7082,3.0,2120.0,256.0,24.0,2400.0,0.9878,0.0113,1038.5,228.3955,323.0,36.8301,4.0,92,4,58.8,165,5,25.8,38,3,83.3,9,1,96.4,213,10,4.1,182,8,18.1,63,3,71.9,88,5,60.6,17,2,92.8,Above average,16.7813
Rohtak,Haryana,12582.0,27132.0,39714.0,0.3059,0.689,0.4487,599.7634,92.7413,18.0448,8.3298,1635454.0,75970.0,11.0,2.2537,17,1642.0,8339.0,9981.0,0.1586,0.8357,0.1899,421.166,33.6861,-5.75,0.9522,21.0,420.0,56.0,52.0,528.0,0.8998,0.0983,528.0,0.0,0.0,0.0,12.0,181,5,18.6,167,6,24.9,124,10,44.3,181,8,18.6,38,2,83.3,202,9,9.0,140,4,20.8,146,7,34.4,149,5,16.7,Bottom 25%,75.0737
Sonipat,Haryana,16445.0,27495.0,43940.0,0.3611,0.6352,0.5855,524.2752,88.7737,20.5595,11.1551,1635454.0,84653.0,8.0,2.25,21,3713.0,22930.0,26643.0,0.1308,0.8664,0.1519,905.2139,52.3111,-4.3,-0.5884,7.0,360.0,46.0,23.0,429.0,0.9442,0.0535,429.0,0.0,0.0,0.0,7.0,190,7,14.5,154,3,30.8,59,5,73.8,119,7,46.6,99,4,55.7,179,7,19.5,140,4,20.8,155,8,30.3,149,5,16.7,Bottom 25%,102.186
Bilaspur,Himachal Pradesh,3209.0,6422.0,9631.0,0.3254,0.6608,0.5037,110.8805,26.324,-0.9255,5.2773,396234.0,21906.0,9.0,2.2553,24,4831.0,49637.0,54468.0,0.0913,0.9079,0.1011,1976.0674,753.4617,241.625,21.6167,1.0,1156.0,309.0,11.0,1476.0,0.9919,0.0074,1476.0,0.0,0.0,0.0,1.0,128,1,41.9,213,1,3.8,25,1,88.9,2,1,98.9,217,1,1.6,196,1,11.5,140,1,20.8,219,1,1.1,149,1,16.7,Below average,6.5206
Bilaspur,Himachal Pradesh,3209.0,6422.0,9631.0,0.3254,0.6608,0.5037,110.8805,26.324,-0.9255,5.2773,396234.0,21906.0,9.0,2.2553,24,77.0,516.0,593.0,0.1295,0.8652,0.1488,210.1667,16.2654,-16.3333,-7.8958,10.0,1156.0,309.0,11.0,1476.0,0.9919,0.0074,1476.0,0.0,0.0,0.0,1.0,128,1,41.9,213,1,3.8,218,2,1.6,2,1,98.9,217,1,1.6,196,1,11.5,140,1,20.8,219,1,1.1,149,1,16.7,Below average,6.5206
Baramulla,Jammu and Kashmir,10577.0,18037.0,28614.0,0.3669,0.6293,0.5926,534.9226,96.2626,10.8929,7.9,791646.0,61935.0,3.0,2.25,14,1561.0,10453.0,12014.0,0.1276,0.8708,0.1468,884.5756,96.3438,-43.7333,-2.8409,3.0,136.0,39.0,12.0,187.0,0.9309,0.0638,187.0,0.0,0.0,0.0,3.0,207,4,6.6,189,2,14.9,108,1,51.6,142,4,36.2,82,2,63.3,178,4,19.9,140,1,20.8,137,3,38.5,149,1,16.7,Bottom 25%,152.2021
Doda,Jammu and Kashmir,7913.0,8125.0,16038.0,0.4266,0.5679,0.8623,424.4098,59.49,-5.7436,-0.0394,791646.0,36779.0,11.0,2.2821,12,139.0,1068.0,1207.0,0.1159,0.8802,0.1312,423.8333,31.296,-13.6667,4.709,14.0,261.0,260.0,17.0,538.0,0.9666,0.0315,538.0,0.0,0.0,0.0,2.0,179,1,19.5,205,4,7.7,208,5,6.3,60,1,73.3,162,5,27.1,126,3,43.4,140,1,20.8,190,4,14.5,149,1,16.7,Bottom 25%,29.7551
Jammu,Jammu and Kashmir,15420.0,28161.0,43581.0,0.3379,0.655,0.5468,275.479,56.4698,10.3269,7.6363,791646.0,98799.0,1.0,2.25,41,176.0,1540.0,1716.0,0.1024,0.8947,0.1146,374.2,50.9916,-36.8,-6.5935,5.0,55.0,16.0,10.0,81.0,0.8659,0.122,81.0,0.0,0.0,0.0,1.0,218,5,1.8,157,1,29.4,200,4,10.0,203,5,8.6,22,1,90.5,188,5,15.4,140,1,20.8,194,5,12.7,149,1,16.7,Bottom 25%,531.4756
Punch,Jammu and Kashmir,8729.0,9502.0,18231.0,0.4852,0.5139,0.9623,1382.8583,408.9829,-123.8125,-0.945,791646.0,46376.0,7.0,2.25,4,1612.0,7634.0,9246.0,0.1775,0.8213,0.2171,1040.7238,198.3235,-31.3,4.498,7.0,142.0,59.0,10.0,211.0,0.9481,0.0472,211.0,0.0,0.0,0.0,11.0,205,3,7.7,202,3,9.0,130,2,41.6,110,3,50.7,113,4,49.3,107,2,52.0,140,1,20.8,13,1,94.6,149,1,16.7,Bottom 25%,85.9953
Shopian,Jammu and Kashmir,3887.0,3605.0,7492.0,0.5128,0.4867,1.0699,1751.4708,244.7885,107.25,6.9426,791646.0,15529.0,18.0,2.25,1,572.0,1846.0,2418.0,0.2364,0.7628,0.3095,1500.25,448.9177,-349.5,-18.3176,16.0,308.0,84.0,20.0,412.0,0.9492,0.0484,412.0,0.0,0.0,0.0,18.0,192,2,13.6,215,5,3.2,192,3,13.6,109,2,51.1,112,3,49.8,87,1,61.1,140,1,20.8,42,2,81.4,149,1,16.7,Bottom 25%,18.1404
Ranchi,Jharkhand,31773.0,62042.0,93815.0,0.3411,0.6548,0.5356,953.9893,252.3296,-81.2231,2.5972,2026297.0,177774.0,2.0,2.2479,31,926.0,8746.0,9672.0,0.095,0.9043,0.105,1809.1667,184.7323,-113.0,-4.7543,5.0,1603.0,1436.0,242.0,3281.0,0.9134,0.0816,235.6154,22.1536,28.5385,12.4129,3.0,75,1,66.5,60,1,73.3,127,1,43.0,168,1,24.4,55,1,75.6,190,1,14.5,123,1,44.8,40,1,82.4,131,1,41.2,Above average,28.5847
Bengaluru Rural,Karnataka,85055.0,96575.0,181630.0,0.4668,0.527,0.9406,350.5207,48.9084,23.0576,11.6305,2635954.0,335120.0,1.0,2.251,119,18417.0,114040.0,132457.0,0.142,0.8569,0.1665,1012.5029,70.7015,34.0635,8.8187,1.0,10047.0,3513.0,2566.0,16126.0,0.8331,0.1606,218.8369,32.6068,-19.2533,-4.289,1.0,5,1,98.2,9,1,96.4,3,1,99.1,211,6,5.0,11,2,95.5,113,6,49.3,216,7,2.7,202,4,9.0,118,1,47.1,Top 10%,11.2625
Bidar,Karnataka,17680.0,19743.0,37423.0,0.4749,0.5214,0.9383,352.2962,50.8526,23.82,9.4771,2635954.0,79708.0,12.0,2.25,25,856.0,4447.0,5303.0,0.1675,0.8311,0.2035,699.2143,65.7546,58.5714,10.1339,19.0,107.0,52.0,10.0,169.0,0.9353,0.0588,169.0,0.0,0.0,0.0,17.0,210,7,5.4,170,6,23.5,161,5,27.6,137,5,38.5,88,3,60.6,116,7,48.0,140,1,20.8,199,3,10.4,149,2,16.7,Bottom 25%,220.1353
Kalaburagi,Karnataka,32686.0,34153.0,66839.0,0.4773,0.5148,1.0943,204.2258,40.5432,7.1617,7.1684,2635954.0,134602.0,4.0,2.2541,39,3266.0,11226.0,14492.0,0.2291,0.7684,0.3005,447.1607,137.5607,75.3846,25.2398,3.0,560.0,31.0,17.0,608.0,0.9704,0.0279,608.0,0.0,0.0,0.0,6.0,175,4,21.3,112,2,49.8,99,2,55.7,49,3,78.3,172,5,22.6,82,4,63.3,140,1,20.8,212,5,4.5,149,2,16.7,Bottom 25%,109.7521
Mysuru,Karnataka,24371.0,30905.0,55276.0,0.4407,0.5475,1.0158,122.0101,31.5613,4.2713,11.0787,2635954.0,109107.0,6.0,2.2575,65,1258.0,7166.0,8424.0,0.1641,0.833,0.2002,421.2213,55.351,31.2778,8.0405,6.0,805.0,157.0,90.0,1052.0,0.8067,0.1871,263.0,0.0,0.0,0.0,7.0,148,2,33.3,131,4,41.2,136,4,38.9,216,7,2.7,5,1,98.2,98,5,56.1,140,1,20.8,217,7,2.3,149,2,16.7,Below average,52.4938
Raichur,Karnataka,28666.0,26764.0,55430.0,0.5085,0.4885,1.0975,404.6236,68.4229,44.0333,12.6483,2635954.0,110877.0,5.0,2.25,30,2232.0,8801.0,11033.0,0.2069,0.7914,0.2679,750.8286,51.0015,45.9286,6.7731,14.0,290.0,127.0,11.0,428.0,0.972,0.0256,428.0,0.0,0.0,0.0,5.0,191,6,14.0,130,3,41.6,115,3,48.4,44,2,80.5,178,6,19.9,81,3,63.8,140,1,20.8,177,2,20.4,149,2,16.7,Bottom 25%,129.2075
Vijayapura,Karnataka,27128.0,26340.0,53468.0,0.499,0.4925,1.2327,150.3777,36.0786,1.2703,4.939,2635954.0,108215.0,8.0,2.25,43,608.0,1941.0,2549.0,0.2636,0.7341,0.3727,515.8,119.034,36.8,5.1319,4.0,363.0,77.0,10.0,450.0,0.9756,0.0222,450.0,0.0,0.0,0.0,4.0,187,5,15.8,133,5,40.3,191,7,14.0,29,1,87.3,196,7,11.8,67,1,70.1,140,1,20.8,215,6,3.2,149,2,16.7,Bottom 25%,118.5543
Yadgir,Karnataka,18411.0,15624.0,34035.0,0.5042,0.4891,1.1904,291.8234,137.9465,4.2936,118.6009,2635954.0,65183.0,18.0,2.2661,22,1322.0,3829.0,5151.0,0.2567,0.7417,0.3479,610.1979,46.0251,22.75,4.0101,24.0,536.0,89.0,21.0,646.0,0.9642,0.0327,323.0,0.0,0.0,0.0,10.0,171,3,23.1,180,7,19.0,164,6,26.2,67,4,70.1,157,4,29.4,73,2,67.4,140,1,20.8,103,1,53.8,149,2,16.7,Bottom 25%,52.6043
Ashoknagar,Madhya Pradesh,106904.0,56758.0,163662.0,0.6471,0.3507,1.9277,1157.488,241.898,98.1085,14.5516,5923771.0,267101.0,1.0,2.2558,33,7848.0,46221.0,54069.0,0.145,0.8538,0.1715,1068.4846,164.4529,-21.9444,0.1255,2.0,3612.0,1901.0,243.0,5756.0,0.9406,0.0559,319.8889,76.6564,95.3333,37.7991,3.0,49,9,78.3,12,1,95.0,28,2,87.8,126,24,43.4,96,6,57.0,37,6,83.7,61,13,72.9,43,14,81.0,74,14,67.0,Top 25%,28.4283
Balaghat,Madhya Pradesh,36667.0,31469.0,68136.0,0.5383,0.4603,1.2322,834.9554,123.1999,7.075,3.5196,5923771.0,126762.0,22.0,2.25,20,6993.0,28728.0,35721.0,0.1971,0.8006,0.2506,653.953,104.365,-38.5,-3.2291,14.0,288.0,40.0,10.0,338.0,0.9676,0.0295,338.0,0.0,0.0,0.0,34.0,198,28,10.9,110,19,50.7,46,5,79.6,58,6,74.2,164,24,26.2,68,18,69.7,140,23,20.8,111,28,50.2,149,23,16.7,Bottom 25%,200.9912
Barwani,Madhya Pradesh,52954.0,39375.0,92329.0,0.6003,0.3974,1.5594,2488.4741,603.1365,124.1944,12.1823,5923771.0,143427.0,16.0,2.25,9,7392.0,35507.0,42899.0,0.1703,0.829,0.209,2295.1299,299.2916,36.7895,4.5311,10.0,7239.0,5772.0,435.0,13446.0,0.9639,0.0344,788.9389,121.5968,164.3333,19.0472,4.0,10,1,95.9,65,9,71.0,36,3,84.2,69,9,69.2,149,21,33.0,53,13,76.5,105,19,52.9,6,1,97.7,48,7,78.7,Top 10%,6.8661
Betul,Madhya Pradesh,42009.0,48160.0,90169.0,0.4693,0.5278,0.9099,909.847,267.4231,146.2024,29.8895,5923771.0,155822.0,12.0,2.25,21,3832.0,10144.0,13976.0,0.2783,0.7198,0.3898,710.9095,115.0766,-36.7619,-1.6392,29.0,906.0,232.0,53.0,1191.0,0.9515,0.0456,341.3333,78.7246,111.3333,49.9253,27.0,143,21,35.7,69,10,69.2,100,17,55.2,103,17,53.8,118,13,47.1,121,28,45.7,46,8,79.6,37,13,83.7,72,13,67.9,Below average,75.6451
Bhind,Madhya Pradesh,31672.0,14940.0,46612.0,0.6844,0.3127,2.2388,468.2531,103.1946,108.3375,27.9207,5923771.0,83365.0,38.0,2.25,20,2515.0,10529.0,13044.0,0.191,0.8087,0.2364,2414.4933,162.892,144.8,6.1331,18.0,4017.0,2537.0,393.0,6947.0,0.929,0.067,282.8373,46.4507,52.4762,35.2475,9.0,38,5,83.3,146,25,34.4,105,18,52.9,148,26,33.5,73,4,67.4,22,2,90.5,66,14,70.6,128,29,42.5,100,20,55.2,Top 25%,6.7087
Bhopal,Madhya Pradesh,52617.0,52015.0,104632.0,0.4987,0.4974,1.052,761.7101,181.7707,130.2,20.4708,5923771.0,186438.0,4.0,2.2609,30,4164.0,30158.0,34322.0,0.1229,0.8751,0.1404,749.6635,63.0472,13.2,0.2288,5.0,1924.0,360.0,65.0,2349.0,0.9551,0.0414,417.7,73.6805,104.2,17.2,12.0,93,15,58.4,38,5,83.3,48,6,78.7,91,12,59.3,132,18,40.7,90,24,59.7,108,20,51.6,63,18,71.9,75,15,66.5,Above average,44.5243
Burhanpur,Madhya Pradesh,21424.0,25451.0,46875.0,0.4773,0.5206,0.9384,1765.0475,602.3573,407.8,32.4589,5923771.0,74141.0,39.0,2.25,5,921.0,3556.0,4477.0,0.2042,0.7948,0.2589,1061.3958,140.2407,72.75,6.9306,48.0,4119.0,2032.0,336.0,6487.0,0.9303,0.0665,396.75,139.7352,165.1667,49.2217,21.0,43,7,81.0,144,24,35.3,169,26,24.0,143,25,35.7,74,5,67.0,115,26,48.4,49,10,78.3,7,2,97.3,42,6,81.4,Top 25%,7.2249
Chhatarpur,Madhya Pradesh,58394.0,36340.0,94734.0,0.6152,0.3834,1.6409,1113.4044,167.8772,67.2125,9.7946,5923771.0,158531.0,11.0,2.25,20,3528.0,13781.0,17309.0,0.2137,0.7854,0.2783,1387.3308,321.3042,-63.5385,0.0283,12.0,2849.0,2813.0,225.0,5887.0,0.9529,0.0438,316.7396,50.8591,72.6875,24.6338,6.0,48,8,78.7,58,6,74.2,85,13,62.0,98,16,56.1,125,15,43.9,51,12,77.4,87,16,61.1,75,19,66.5,97,19,56.6,Top 25%,16.0893
Datia,Madhya Pradesh,18447.0,9745.0,28192.0,0.6498,0.3483,1.9395,683.3296,147.135,86.3333,17.8513,5923771.0,47034.0,48.0,2.25,9,1530.0,7131.0,8661.0,0.1752,0.8245,0.2126,2916.4722,409.6855,54.3333,3.6327,39.0,672.0,439.0,30.0,1141.0,0.9693,0.0284,436.25,189.8582,268.5,88.9073,42.0,145,22,34.8,190,29,14.5,134,23,39.8,52,5,76.9,171,26,23.1,36,5,84.2,33,5,85.5,93,24,58.4,23,4,90.0,Below average,24.6865
Dewas,Madhya Pradesh,34860.0,34511.0,69371.0,0.5128,0.4839,1.093,957.1289,283.6308,263.1071,32.2932,5923771.0,119901.0,26.0,2.2679,15,2232.0,13186.0,15418.0,0.1388,0.8603,0.1629,1793.637,566.2158,-116.0,-4.6408,31.0,1489.0,444.0,40.0,1973.0,0.9776,0.0208,637.6667,28.2843,40.0,7.9681,18.0,105,16,52.9,107,18,52.0,94,16,57.9,23,2,90.0,199,28,10.4,83,22,62.9,131,22,41.2,31,11,86.4,122,22,45.2,Above average,35.1424
Dhar,Madhya Pradesh,54088.0,38655.0,92743.0,0.5727,0.4242,1.4641,1191.0029,222.2649,115.1159,11.6513,5923771.0,146391.0,14.0,2.2609,18,5939.0,27727.0,33666.0,0.1625,0.8365,0.197,1506.7242,254.5467,35.7727,2.9147,7.0,1806.0,1066.0,196.0,3068.0,0.8882,0.1075,480.4167,43.7228,61.8333,13.5695,14.0,79,11,64.7,64,8,71.5,49,7,78.3,189,29,14.9,30,1,86.9,60,15,73.3,119,21,46.6,47,16,79.2,105,21,52.9,Above average,30.2193
Guna,Madhya Pradesh,57734.0,29240.0,86974.0,0.5895,0.4072,1.8133,1281.2402,311.3439,226.9286,19.3863,5923771.0,132886.0,20.0,2.2321,15,2566.0,18291.0,20857.0,0.126,0.8731,0.1449,1454.6969,326.4293,-23.7143,0.066,26.0,1270.0,543.0,43.0,1856.0,0.9589,0.0381,618.6667,0.0,0.0,0.0,20.0,110,17,50.7,75,12,66.5,72,12,67.9,82,10,63.3,141,20,36.7,45,9,80.1,140,23,20.8,24,8,89.6,149,23,16.7,Above average,46.8358
Gwalior,Madhya Pradesh,40702.0,31845.0,72547.0,0.5582,0.44,1.3636,910.9683,124.986,86.6111,10.4214,5923771.0,127120.0,21.0,2.25,18,3533.0,20888.0,24421.0,0.1442,0.8552,0.1692,2024.0736,109.5465,31.1667,2.2757,11.0,4670.0,3088.0,383.0,8141.0,0.9465,0.0507,338.2885,151.6726,163.625,112.8466,5.0,28,3,87.8,103,16,53.8,65,10,71.0,113,20,49.3,106,9,52.5,62,16,72.4,25,4,89.1,107,26,52.0,36,5,84.2,Top 25%,8.9102
Indore,Madhya Pradesh,55948.0,59484.0,115432.0,0.4856,0.5105,0.9941,888.7763,148.079,102.1034,17.2666,5923771.0,221624.0,2.0,2.2586,30,12085.0,81587.0,93672.0,0.1275,0.8716,0.1466,1357.529,109.6624,66.4923,5.4494,1.0,5100.0,2001.0,185.0,7286.0,0.9697,0.0285,630.3,98.2629,148.9,37.8346,2.0,33,4,85.5,28,2,87.8,8,1,96.8,51,4,77.4,169,25,24.0,103,25,53.8,60,12,73.3,91,23,59.3,58,10,74.2,Top 25%,15.8408
Jabalpur,Madhya Pradesh,43908.0,35338.0,79246.0,0.5509,0.4451,1.3592,686.4473,158.9554,116.34,21.7148,5923771.0,158664.0,10.0,2.25,25,3502.0,26335.0,29837.0,0.1214,0.8774,0.1398,1237.0613,164.7904,-30.24,-3.3781,4.0,486.0,110.0,25.0,621.0,0.9463,0.0495,310.5,0.0,0.0,0.0,15.0,174,25,21.7,85,13,62.0,54,8,76.0,115,21,48.4,110,11,50.7,63,17,71.9,140,23,20.8,84,21,62.4,149,23,16.7,Bottom 25%,127.4051
Jhabua,Madhya Pradesh,35415.0,19641.0,55056.0,0.6448,0.3527,1.9032,1377.4475,354.2133,286.9412,26.6267,5923771.0,88726.0,36.0,2.2647,10,180.0,1095.0,1275.0,0.1411,0.8582,0.1642,1345.0,98.9949,-140.0,-9.894,36.0,1943.0,3076.0,161.0,5180.0,0.9655,0.0331,631.0694,221.104,312.5,55.1264,10.0,53,10,76.5,132,23,40.7,206,29,7.2,63,8,71.9,156,22,29.9,38,7,83.3,40,7,82.4,17,6,92.8,19,2,91.9,Top 25%,10.6265
Katni,Madhya Pradesh,25267.0,21102.0,46369.0,0.5324,0.4652,1.2267,830.0318,141.7191,-3.1429,2.9551,5923771.0,98452.0,32.0,2.25,14,2826.0,14400.0,17226.0,0.1605,0.8391,0.1949,3117.0143,583.9785,-128.3333,-2.3815,20.0,989.0,392.0,42.0,1423.0,0.9569,0.0393,279.375,108.0106,152.75,144.1038,16.0,133,20,40.3,147,26,33.9,86,14,61.5,88,11,60.6,137,19,38.5,69,19,69.2,16,2,93.2,98,25,56.1,55,9,75.6,Below average,32.5625
Khandwa,Madhya Pradesh,30235.0,29132.0,59367.0,0.473,0.5219,1.2056,408.3327,123.6006,20.0551,26.5086,5923771.0,99381.0,31.0,2.2598,18,1092.0,2972.0,4064.0,0.301,0.6965,0.4504,604.0417,165.3674,15.8333,-3.7627,44.0,1093.0,641.0,53.0,1787.0,0.9425,0.0529,399.25,67.1751,95.0,121.7949,24.0,115,18,48.4,121,22,45.7,173,27,22.2,125,23,43.9,100,8,55.2,72,20,67.9,21,3,91.0,110,27,50.7,85,17,62.0,Below average,33.203
Khargone,Madhya Pradesh,57147.0,53484.0,110631.0,0.4526,0.5409,0.9129,839.4867,510.3512,97.7328,364.5502,5923771.0,179019.0,5.0,2.25,21,1125.0,5563.0,6688.0,0.1716,0.8264,0.2075,875.4458,178.3475,-24.5,-1.5947,32.0,3810.0,2506.0,317.0,6633.0,0.9427,0.0538,369.0222,87.1001,126.8667,49.4611,7.0,40,6,82.4,33,3,85.5,151,25,32.1,124,22,44.3,98,7,56.1,120,27,46.2,47,9,79.2,11,4,95.5,66,12,70.6,Top 25%,16.6764
Morena,Madhya Pradesh,60125.0,26991.0,87116.0,0.6929,0.3057,2.4319,1751.2906,224.2247,27.3125,1.6875,5923771.0,145559.0,15.0,2.25,12,7096.0,32368.0,39464.0,0.1768,0.8227,0.2165,2669.8771,557.6714,-121.0625,-0.9635,3.0,6291.0,4313.0,372.0,10976.0,0.9475,0.0504,563.0722,197.7974,238.3333,67.7244,1.0,14,2,94.1,74,11,67.0,41,4,81.9,112,19,49.8,107,10,52.0,16,1,93.2,37,6,83.7,45,15,80.1,22,3,90.5,Top 10%,7.9362
Narmadapuram,Madhya Pradesh,30256.0,31406.0,61662.0,0.4026,0.5905,0.7985,636.1664,538.6975,-10.3913,304.1129,5923771.0,103906.0,30.0,2.2391,16,396.0,1886.0,2282.0,0.1664,0.8299,0.2024,315.9938,67.9633,-29.625,-5.9498,47.0,179.0,90.0,12.0,281.0,0.9539,0.0426,281.0,0.0,0.0,0.0,35.0,201,29,9.3,117,20,47.5,194,28,12.7,94,13,57.9,129,17,42.1,144,29,35.3,140,23,20.8,10,3,95.9,149,23,16.7,Bottom 25%,218.6596
Narsinghpur,Madhya Pradesh,22702.0,17768.0,40470.0,0.4639,0.5303,1.0882,327.3655,212.9691,37.0857,148.2027,5923771.0,73465.0,40.0,2.2667,16,1263.0,5993.0,7256.0,0.2005,0.7973,0.261,712.7426,150.6071,-29.5,-3.3747,41.0,312.0,189.0,13.0,514.0,0.9728,0.0252,514.0,0.0,0.0,0.0,38.0,183,27,17.6,164,27,26.2,146,24,34.4,41,3,81.9,184,27,17.2,84,23,62.4,140,23,20.8,51,17,77.4,149,23,16.7,Bottom 25%,78.5825
Panna,Madhya Pradesh,37960.0,22560.0,60520.0,0.6246,0.3727,1.751,1341.1617,300.4518,69.9318,9.6812,5923771.0,98039.0,33.0,2.25,11,1816.0,8838.0,10654.0,0.1699,0.829,0.2065,941.9371,228.3085,-42.1667,-0.8202,33.0,548.0,277.0,45.0,870.0,0.928,0.0677,246.1667,61.9897,87.6667,39.1369,22.0,160,24,28.1,120,21,46.2,118,20,47.1,150,27,32.6,72,3,67.9,48,10,78.7,57,11,74.7,28,9,87.8,91,18,59.3,Below average,69.4834
Raisen,Madhya Pradesh,49007.0,24905.0,73912.0,0.6552,0.3435,2.0167,898.9426,342.2745,150.2059,31.5431,5923771.0,116648.0,28.0,2.25,17,2220.0,9627.0,11847.0,0.1879,0.8101,0.2329,565.7222,42.8282,3.7143,1.758,34.0,410.0,83.0,22.0,515.0,0.9494,0.0462,257.5,0.0,0.0,0.0,29.0,182,26,18.1,97,14,56.6,110,19,50.7,108,18,51.6,115,12,48.4,32,3,86.0,140,23,20.8,18,7,92.3,149,23,16.7,Bottom 25%,143.2403
Satna,Madhya Pradesh,59085.0,34820.0,93905.0,0.6364,0.3618,1.8558,846.9415,159.088,93.22,14.2891,5923771.0,172713.0,6.0,2.25,25,4870.0,20528.0,25398.0,0.1873,0.8113,0.2395,924.5756,105.5101,-14.1786,-0.7174,8.0,856.0,176.0,34.0,1066.0,0.9662,0.0319,485.0,67.8823,96.0,21.968,11.0,147,23,33.9,59,7,73.8,61,9,72.9,62,7,72.4,160,23,28.1,43,8,81.0,93,17,58.4,83,20,62.9,84,16,62.4,Below average,88.0084
Sehore,Madhya Pradesh,36175.0,36915.0,73090.0,0.5131,0.4851,1.0988,872.9866,157.1578,116.2778,15.9744,5923771.0,118002.0,27.0,2.25,18,2088.0,8209.0,10297.0,0.201,0.7962,0.2537,520.3848,38.1208,22.8421,3.4399,43.0,1151.0,496.0,26.0,1673.0,0.9828,0.0159,836.5,0.0,0.0,0.0,37.0,118,19,47.1,100,15,55.2,120,21,46.2,15,1,93.7,207,29,6.8,80,21,64.3,140,23,20.8,85,22,62.0,149,23,16.7,Below average,43.6619
Sheopur,Madhya Pradesh,23162.0,12635.0,35797.0,0.6499,0.3494,1.9868,1570.0267,268.8609,120.25,11.5112,5923771.0,56268.0,46.0,2.25,5,2589.0,12989.0,15578.0,0.167,0.8323,0.2014,1810.0722,314.6312,-66.0,-1.8039,37.0,1334.0,1562.0,62.0,2958.0,0.9533,0.043,412.7333,230.3565,271.4,170.0011,31.0,85,14,62.0,171,28,23.1,91,15,59.3,96,15,57.0,128,16,42.5,33,4,85.5,11,1,95.5,35,12,84.6,16,1,93.2,Above average,12.0977
Shivpuri,Madhya Pradesh,67430.0,43054.0,110484.0,0.5994,0.3983,1.6676,1163.22,401.0318,348.4638,31.3754,5923771.0,166572.0,7.0,2.2609,18,1350.0,7429.0,8779.0,0.1549,0.8443,0.1835,1882.3,124.8543,-116.6,-4.8331,17.0,1442.0,1394.0,180.0,3016.0,0.8889,0.1056,323.8571,116.5936,145.0,28.3653,13.0,82,12,63.3,34,4,85.1,133,22,40.3,187,28,15.8,35,2,84.6,50,11,77.8,78,15,65.2,14,5,94.1,49,8,78.3,Above average,36.6205
Vidisha,Madhya Pradesh,42604.0,29437.0,72041.0,0.5852,0.4135,1.497,1192.6691,286.5145,291.875,24.6512,5923771.0,124890.0,24.0,2.25,12,4522.0,16609.0,21131.0,0.2263,0.7726,0.2994,1096.6351,123.7398,54.6842,7.2677,28.0,2106.0,788.0,115.0,3009.0,0.9533,0.0445,544.8,89.0955,114.0,20.4517,19.0,84,13,62.4,105,17,52.9,71,11,68.3,95,14,57.5,123,14,44.8,57,14,74.7,98,18,56.1,30,10,86.9,65,11,71.0,Above average,23.9339
Akola,Maharashtra,21546.0,57380.0,78926.0,0.2549,0.7419,0.3519,785.472,184.9941,-17.2358,-0.3137,9226139.0,185085.0,23.0,2.2547,27,123.0,792.0,915.0,0.1343,0.8646,0.1551,1062.5,208.5965,-295.0,-24.3802,27.0,390.0,205.0,42.0,637.0,0.9326,0.0658,637.0,0.0,0.0,0.0,26.0,173,22,22.2,86,20,61.5,215,23,3.2,140,15,37.1,78,7,65.2,213,23,4.1,140,20,20.8,62,9,72.4,149,21,16.7,Bottom 25%,123.7085
Amravati,Maharashtra,41052.0,109551.0,150603.0,0.2685,0.7295,0.3773,867.092,171.8255,37.3533,7.5615,9226139.0,338283.0,9.0,2.2515,42,672.0,3712.0,4384.0,0.1261,0.8714,0.1475,630.3722,88.9472,122.1667,19.2552,23.0,803.0,225.0,24.0,1052.0,0.9735,0.0244,447.0,111.7229,158.0,42.9348,22.0,148,19,33.3,17,9,92.8,170,14,23.5,36,1,84.2,186,23,16.3,211,21,5.0,55,8,75.6,71,11,68.3,52,5,76.9,Below average,143.0228
Beed,Maharashtra,43067.0,80008.0,123075.0,0.3322,0.6658,0.5262,1019.9702,282.6456,98.9732,45.1195,9226139.0,265387.0,14.0,2.2589,27,1823.0,14574.0,16397.0,0.1101,0.8896,0.1247,2785.0091,212.6145,3.1667,0.4839,9.0,2876.0,1148.0,152.0,4176.0,0.959,0.0385,439.0104,64.161,91.125,15.5735,12.0,63,7,71.9,23,13,90.0,89,6,60.2,81,7,63.8,139,16,37.6,193,10,13.1,113,15,49.3,32,2,86.0,89,11,60.2,Above average,29.4649
Buldhana,Maharashtra,29754.0,66357.0,96111.0,0.2812,0.7157,0.4305,579.7086,215.0908,32.6209,32.1978,9226139.0,255238.0,15.0,2.2614,31,129.0,1339.0,1468.0,0.0839,0.9147,0.0918,875.6667,268.3516,-47.5,14.7133,13.0,1409.0,327.0,94.0,1830.0,0.9391,0.0574,350.2,22.3446,31.6,8.587,17.0,112,15,49.8,54,15,76.0,204,20,8.1,131,13,41.2,90,11,59.7,206,16,7.2,130,17,41.6,50,5,77.8,130,16,41.6,Below average,52.491
Chandrapur,Maharashtra,25273.0,64444.0,89717.0,0.2845,0.7109,0.4234,688.9856,123.6556,-19.5802,1.6718,9226139.0,213634.0,18.0,2.2519,33,556.0,6099.0,6655.0,0.0836,0.9126,0.092,417.7509,70.0223,-79.4444,-5.5257,19.0,697.0,128.0,31.0,856.0,0.9578,0.0384,244.2778,36.6096,60.6667,26.2281,27.0,161,20,27.6,70,17,68.8,152,13,31.7,85,8,62.0,140,17,37.1,208,18,6.3,82,11,63.3,109,17,51.1,114,14,48.9,Below average,104.6873
Chhatrapati Sambhajinagar,Maharashtra,47262.0,96495.0,143757.0,0.304,0.6926,0.4608,752.9859,478.6348,52.0608,200.8457,9226139.0,318444.0,12.0,2.2652,38,1683.0,10851.0,12534.0,0.1319,0.8676,0.1522,2062.2556,858.887,4.0,9.5799,10.0,2846.0,1703.0,77.0,4626.0,0.9627,0.0366,639.1,979.0835,1890.0,861.5056,5.0,60,5,73.3,18,10,92.3,106,8,52.5,75,5,66.5,146,19,34.4,200,13,10.0,2,1,99.5,12,1,95.0,2,1,99.5,Above average,31.0692
Dharashiv,Maharashtra,27867.0,51421.0,79288.0,0.3316,0.6648,0.5179,706.1492,179.3492,43.2547,119.8926,9226139.0,155698.0,27.0,2.2547,26,192.0,2678.0,2870.0,0.0669,0.9325,0.0716,1664.1667,353.2257,-275.0,-13.8539,20.0,275.0,105.0,10.0,390.0,0.9719,0.0256,390.0,0.0,0.0,0.0,28.0,195,23,12.2,84,19,62.4,184,16,17.2,45,2,80.1,180,22,19.0,194,11,12.7,140,20,20.8,65,10,71.0,149,21,16.7,Bottom 25%,202.7826
Dhule,Maharashtra,34222.0,60563.0,94785.0,0.3342,0.663,0.5548,809.6921,150.8642,129.3883,23.0403,9226139.0,197854.0,21.0,2.2621,27,396.0,2756.0,3152.0,0.1256,0.8738,0.1436,1273.25,299.6448,259.5,24.5506,28.0,2321.0,1637.0,356.0,4314.0,0.8896,0.107,334.9091,71.8882,100.1818,37.3396,7.0,62,6,72.4,56,16,75.1,180,15,19.0,186,22,16.3,31,1,86.4,186,6,16.3,62,10,72.4,89,13,60.2,79,8,64.7,Above average,21.9664
Jalgaon,Maharashtra,64112.0,129303.0,193415.0,0.3236,0.6732,0.504,692.9351,131.4344,89.5779,15.1237,9226139.0,417384.0,5.0,2.25,61,914.0,6444.0,7358.0,0.1223,0.8769,0.1397,1281.3056,81.1255,-43.5,-1.9909,12.0,1931.0,488.0,108.0,2527.0,0.9509,0.0462,369.9722,49.1332,77.8333,19.618,6.0,90,10,59.7,7,5,97.3,145,12,34.8,106,12,52.5,116,13,48.0,195,12,12.2,101,12,54.8,105,16,52.9,99,12,55.7,Above average,76.5091
Latur,Maharashtra,33908.0,96843.0,130751.0,0.2609,0.7377,0.3687,1302.1187,216.7753,25.7604,4.7747,9226139.0,246741.0,16.0,2.25,24,1070.0,8712.0,9782.0,0.1077,0.8919,0.1209,2216.8833,186.2843,170.0,7.9896,16.0,1185.0,407.0,66.0,1658.0,0.9513,0.0465,422.0556,146.6893,175.0,45.2165,19.0,119,17,46.6,20,11,91.4,126,11,43.4,104,11,53.4,114,12,48.9,212,22,4.5,52,7,76.9,49,4,78.3,38,4,83.3,Below average,78.8131
Mumbai,Maharashtra,100149.0,180688.0,280837.0,0.3912,0.6036,0.7151,387.7841,142.1886,11.7967,33.4217,9226139.0,631047.0,1.0,2.2493,84,6630.0,48894.0,55524.0,0.1195,0.8795,0.1368,1073.7769,295.1164,114.7907,18.7813,3.0,4995.0,3087.0,531.0,8613.0,0.8871,0.1059,215.3438,68.3419,97.8125,65.0193,2.0,25,2,89.1,1,1,100.0,24,3,89.6,190,23,14.5,34,2,85.1,156,3,29.9,38,4,83.3,97,14,56.6,83,10,62.9,Top 25%,32.6024
Nagpur,Maharashtra,48187.0,114156.0,162343.0,0.2987,0.6977,0.4425,637.1453,101.2283,-0.7569,3.0191,9226139.0,350923.0,7.0,2.251,64,2500.0,17275.0,19775.0,0.1217,0.877,0.1392,989.9871,57.0944,0.55,1.3685,11.0,1615.0,303.0,107.0,2025.0,0.9299,0.0649,254.9375,2.5633,-3.625,-1.6111,11.0,102,13,54.3,13,6,94.6,76,4,66.1,146,17,34.4,81,9,63.8,205,15,7.7,215,23,3.2,131,19,41.2,147,20,33.9,Above average,80.1298
Nanded,Maharashtra,47620.0,104348.0,151968.0,0.2939,0.7034,0.4434,856.5946,171.448,47.6347,8.2827,9226139.0,342540.0,8.0,2.2515,42,143.0,781.0,924.0,0.1546,0.8443,0.1829,824.6667,86.0252,149.0,19.2258,6.0,2572.0,755.0,169.0,3496.0,0.9262,0.0691,276.25,21.3311,30.1667,19.1606,10.0,70,9,68.8,16,8,93.2,214,22,3.6,155,18,30.3,67,6,70.1,204,14,8.1,104,14,53.4,73,12,67.4,132,17,40.7,Above average,43.4567
Nandurbar,Maharashtra,36696.0,66568.0,103264.0,0.3356,0.6629,0.5351,1024.0052,250.1316,242.4125,22.6935,9226139.0,201392.0,20.0,2.25,20,1066.0,9517.0,10583.0,0.1184,0.8802,0.1379,815.3389,112.9275,59.6667,16.9203,32.0,2519.0,1163.0,106.0,3788.0,0.9603,0.0367,417.5,174.8574,247.2857,116.9326,14.0,68,8,69.7,41,14,81.9,119,10,46.6,76,6,66.1,145,18,34.8,191,9,14.0,22,3,90.5,41,3,81.9,28,3,87.8,Above average,27.2536
Nashik,Maharashtra,83219.0,156925.0,240144.0,0.3452,0.6518,0.5464,746.9094,185.3546,70.67,12.1386,9226139.0,576606.0,3.0,2.2525,75,2247.0,15347.0,17594.0,0.125,0.8744,0.1432,1911.6,139.2707,74.5556,4.5713,5.0,2826.0,1789.0,156.0,4771.0,0.917,0.0794,681.5714,0.0,0.0,0.0,4.0,58,4,74.2,6,4,97.7,84,5,62.4,164,19,26.2,58,5,74.2,189,8,14.9,140,20,20.8,61,8,72.9,149,21,16.7,Above average,50.3236
Palghar,Maharashtra,34950.0,34185.0,69135.0,0.5234,0.4694,1.1823,418.8617,85.4525,34.7905,14.7474,9226139.0,157952.0,26.0,2.25,37,1147.0,10203.0,11350.0,0.1017,0.8978,0.1133,2374.6333,199.4463,-103.4,-3.5462,17.0,1172.0,1104.0,66.0,2342.0,0.9639,0.0336,435.5,31.8222,46.8,14.7003,13.0,94,11,57.9,108,22,51.6,112,9,49.8,68,3,69.7,153,21,31.2,74,1,67.0,115,16,48.4,157,20,29.4,120,15,46.2,Above average,29.507
Pune,Maharashtra,118558.0,159088.0,277646.0,0.4284,0.5668,0.7873,467.7949,67.6037,29.9057,8.913,9226139.0,605762.0,2.0,2.2491,143,7288.0,57757.0,65045.0,0.109,0.8899,0.1229,1351.0871,112.2488,8.625,0.8773,2.0,4154.0,1743.0,382.0,6279.0,0.9102,0.0836,226.6296,8.3805,11.8519,7.8128,3.0,45,3,80.1,2,2,99.5,19,2,91.9,172,20,22.6,51,4,77.4,148,2,33.5,132,18,40.7,179,23,19.5,144,18,35.3,Top 25%,44.2111
Raigad,Maharashtra,29543.0,43572.0,73115.0,0.3659,0.6249,0.6261,250.3111,141.7041,12.3985,84.7574,9226139.0,171188.0,25.0,2.2657,60,1236.0,13745.0,14981.0,0.0819,0.9172,0.0897,1529.9016,157.891,125.1111,24.2323,15.0,1087.0,368.0,46.0,1501.0,0.9561,0.042,542.75,293.8029,415.5,124.0299,15.0,124,18,44.3,99,21,55.7,95,7,57.5,90,9,59.7,131,15,41.2,175,5,21.3,20,2,91.4,99,15,55.7,13,2,94.6,Below average,48.6784
Sangli,Maharashtra,31974.0,57464.0,89438.0,0.348,0.6456,0.5489,347.9863,74.908,-0.9425,4.0142,9226139.0,223013.0,17.0,2.249,66,218.0,2118.0,2336.0,0.0932,0.9059,0.1028,1168.0,0.0,0.0,0.0,24.0,1358.0,738.0,79.0,2175.0,0.9545,0.0424,321.1944,43.9304,56.5,19.4415,18.0,96,12,57.0,71,18,68.3,193,19,13.1,92,10,58.8,130,14,41.6,187,7,15.8,103,13,53.8,170,22,23.5,104,13,53.4,Above average,41.102
Solapur,Maharashtra,56638.0,96055.0,152693.0,0.3781,0.6182,0.6406,509.9176,77.5621,34.8357,11.348,9226139.0,334507.0,10.0,2.25,70,224.0,2532.0,2756.0,0.0812,0.9181,0.0884,1660.0833,434.7887,-338.5,-16.472,4.0,1376.0,336.0,130.0,1842.0,0.9094,0.084,202.3333,3.2998,4.6667,5.83,9.0,111,14,50.2,15,7,93.7,186,18,16.3,174,21,21.7,50,3,77.8,172,4,22.6,135,19,39.4,165,21,25.8,145,19,34.8,Above average,82.8502
Thane,Maharashtra,78231.0,171982.0,250213.0,0.2813,0.7154,0.4281,791.6956,110.8638,76.9158,9.835,9226139.0,571273.0,4.0,2.2526,78,11983.0,94617.0,106600.0,0.112,0.8876,0.1267,3149.4486,215.2306,127.303,3.3608,1.0,10276.0,6644.0,610.0,17530.0,0.9311,0.0654,421.3793,100.289,134.6061,39.0434,1.0,3,1,99.1,4,3,98.6,7,1,97.3,141,16,36.7,79,8,64.7,207,17,6.8,58,9,74.2,119,18,46.6,57,6,74.7,Top 10%,14.2726
Washim,Maharashtra,16899.0,39285.0,56184.0,0.2899,0.708,0.4216,1075.2088,196.8771,70.4286,8.9884,9226139.0,139459.0,29.0,2.2653,13,104.0,914.0,1018.0,0.1021,0.897,0.1137,1164.0,206.4752,-292.0,-22.2901,29.0,576.0,88.0,21.0,685.0,0.9629,0.0338,285.25,80.9637,114.5,50.2193,29.0,167,21,24.9,128,23,42.5,213,21,4.1,72,4,67.9,152,20,31.7,209,19,5.9,45,6,80.1,55,6,75.6,68,7,69.7,Bottom 25%,81.9009
Yavatmal,Maharashtra,35595.0,93352.0,128947.0,0.2707,0.7274,0.3851,993.963,193.0392,-8.7273,2.408,9226139.0,327187.0,11.0,2.25,33,271.0,2527.0,2798.0,0.0979,0.9006,0.1087,762.0,72.7891,-83.0,-9.9798,8.0,1139.0,477.0,69.0,1685.0,0.9368,0.0593,287.0,70.7107,100.0,53.2491,20.0,116,16,48.0,22,12,90.5,185,17,16.7,134,14,39.8,87,10,61.1,210,20,5.4,41,5,81.9,57,7,74.7,80,9,64.3,Below average,76.481
Champhai,Mizoram,4033.0,2146.0,6179.0,0.5603,0.4288,1.8397,744.4587,599.959,-339.7143,-36.6952,120329.0,15968.0,2.0,2.1905,6,145.0,1969.0,2114.0,0.0747,0.9221,0.0811,560.94,123.1026,-110.0,-13.5035,3.0,456.0,159.0,63.0,678.0,0.8785,0.1162,282.3333,95.5932,-65.3333,-12.6208,2.0,169,2,24.0,217,1,2.3,195,1,12.2,195,2,12.2,26,2,88.7,44,2,80.5,220,3,0.9,8,1,96.8,60,1,73.3,Bottom 25%,9.1001
Kolasib,Mizoram,2905.0,1535.0,4440.0,0.6005,0.3879,1.8826,457.1538,337.2255,-192.5909,-18.2884,120329.0,10931.0,6.0,2.2273,7,266.0,1214.0,1480.0,0.1793,0.8187,0.219,494.4444,0.9623,-1.6667,-0.3367,5.0,44.0,21.0,20.0,85.0,0.7558,0.2326,85.0,0.0,0.0,0.0,6.0,217,3,2.3,220,3,0.9,203,3,8.6,221,3,0.5,1,1,100.0,41,1,81.9,140,2,20.8,19,2,91.9,149,3,16.7,Bottom 25%,51.6279
Lawngtlai,Mizoram,3611.0,2508.0,6119.0,0.5601,0.4311,1.6055,507.8325,253.6059,-142.9,-20.5228,120329.0,13430.0,5.0,2.25,5,120.0,1674.0,1794.0,0.0677,0.9301,0.0727,448.9083,57.4789,-1.5,0.7952,4.0,639.0,164.0,71.0,874.0,0.9141,0.0808,205.4583,30.889,23.5,16.0141,1.0,159,1,28.5,218,2,1.8,199,2,10.4,166,1,25.3,56,3,75.1,52,3,76.9,112,1,49.8,39,3,82.8,121,2,45.7,Below average,6.9931
Amritsar,Punjab,27979.0,54650.0,82629.0,0.3187,0.6772,0.4813,610.7255,93.1335,-1.1986,1.5578,1739671.0,155008.0,2.0,2.2553,37,3000.0,35933.0,38933.0,0.0692,0.93,0.0746,3637.1567,334.2107,197.8,5.0467,2.0,2916.0,893.0,104.0,3913.0,0.9458,0.0512,591.3333,505.3567,417.0,559.2964,2.0,67,2,70.1,80,2,64.3,43,2,81.0,116,3,48.0,105,5,52.9,199,6,10.4,5,1,98.2,144,2,35.3,4,1,98.6,Above average,21.1111
Gurdaspur,Punjab,23699.0,42727.0,66426.0,0.323,0.6734,0.5027,524.3392,92.6237,39.5738,10.2667,1739671.0,119235.0,5.0,2.2705,33,2633.0,22531.0,25164.0,0.1121,0.8865,0.1279,992.9227,138.928,89.1739,12.744,4.0,896.0,155.0,72.0,1123.0,0.9107,0.0855,317.6667,80.1388,113.3333,35.6394,4.0,146,5,34.4,114,4,48.9,62,4,72.4,171,7,23.1,46,1,79.6,198,5,10.9,65,2,71.0,148,4,33.5,70,3,68.8,Below average,59.0979
Hoshiarpur,Punjab,18397.0,31965.0,50362.0,0.3511,0.6411,0.5715,242.7629,45.6866,8.302,8.2718,1739671.0,92764.0,7.0,2.2624,53,1113.0,13562.0,14675.0,0.0795,0.9186,0.0871,814.806,88.3536,66.4706,13.7626,7.0,975.0,208.0,94.0,1277.0,0.9236,0.0732,314.6875,33.0142,7.25,3.4747,5.0,137,4,38.5,137,5,38.5,98,6,56.1,159,6,28.5,63,2,71.9,181,4,18.6,137,6,38.5,208,7,6.3,117,5,47.5,Below average,39.4069
Ludhiana,Punjab,41699.0,59015.0,100714.0,0.4022,0.59,0.701,367.5421,58.8683,4.3452,4.5036,1739671.0,190927.0,1.0,2.2491,71,2237.0,26255.0,28492.0,0.0804,0.919,0.0876,2030.2905,119.7613,26.4286,1.6386,1.0,5824.0,2970.0,544.0,9338.0,0.9237,0.0718,306.1798,59.0886,36.0,20.06,1.0,22,1,90.5,47,1,79.2,55,3,75.6,158,5,29.0,64,3,71.5,160,3,28.1,99,4,55.7,191,6,14.0,93,4,58.4,Top 10%,10.7842
Patiala,Punjab,32725.0,33898.0,66623.0,0.4719,0.5225,0.9341,737.9743,120.1354,58.8795,8.9732,1739671.0,119311.0,4.0,2.253,21,4933.0,38165.0,43098.0,0.1214,0.8779,0.1401,1895.5027,197.33,111.381,6.7838,3.0,1222.0,362.0,41.0,1625.0,0.9709,0.0278,708.25,147.4318,208.5,34.5199,3.0,120,3,46.2,113,3,49.3,35,1,84.6,47,1,79.2,173,7,22.2,117,2,47.5,67,3,70.1,112,1,49.8,37,2,83.7,Below average,40.9736
Sahibzada Ajit Singh Nagar,Punjab,18525.0,15614.0,34139.0,0.4871,0.505,1.1348,276.7098,91.6339,33.6355,83.0518,1739671.0,60576.0,14.0,2.2991,26,1734.0,18254.0,19988.0,0.0854,0.914,0.0935,1747.1688,145.0511,68.8182,3.7404,5.0,697.0,229.0,59.0,985.0,0.9406,0.0563,296.4444,27.8014,47.6667,16.9048,7.0,152,6,31.4,179,7,19.5,75,5,66.5,127,4,43.0,95,4,57.5,77,1,65.6,109,5,51.1,150,5,32.6,125,6,43.9,Below average,34.6237
Tarn Taran,Punjab,13532.0,29382.0,42914.0,0.3064,0.688,0.4536,440.6082,92.8349,-23.3056,-2.6717,1739671.0,80702.0,9.0,2.25,28,242.0,4327.0,4569.0,0.0542,0.9449,0.0574,1074.6792,115.8777,100.75,9.2935,12.0,341.0,34.0,11.0,386.0,0.969,0.0284,386.0,0.0,0.0,0.0,9.0,196,7,11.8,161,6,27.6,168,7,24.4,54,2,76.0,170,6,23.5,201,7,9.5,140,7,20.8,145,3,34.8,149,7,16.7,Bottom 25%,110.8889
Ajmer,Rajasthan,29739.0,31483.0,61222.0,0.4693,0.5235,0.9669,262.5252,47.4242,42.6311,21.3136,3994955.0,141858.0,9.0,2.2524,52,3415.0,27583.0,30998.0,0.1134,0.8853,0.1285,1968.8767,423.9707,-169.2778,-10.7425,5.0,1680.0,437.0,54.0,2171.0,0.973,0.0256,679.1667,62.9325,89.0,13.3835,11.0,98,9,56.1,118,10,47.1,53,2,76.5,38,8,83.3,181,18,18.6,106,9,52.5,120,12,46.2,207,25,6.8,90,10,59.7,Above average,28.1869
Alwar,Rajasthan,46853.0,50753.0,97606.0,0.4387,0.5577,0.8536,471.4012,92.6977,73.9247,17.9877,3994955.0,223449.0,2.0,2.2527,47,1729.0,13019.0,14748.0,0.1176,0.8817,0.1335,2517.4571,601.1851,-292.1429,-12.3378,2.0,3901.0,1507.0,103.0,5511.0,0.9721,0.0262,814.2639,80.801,130.8333,14.4462,2.0,51,3,77.4,51,3,77.4,97,9,56.6,43,10,81.0,177,16,20.4,129,14,42.1,117,11,47.5,147,13,33.9,69,7,69.2,Top 25%,17.7079
Baran,Rajasthan,13964.0,16396.0,30360.0,0.4281,0.5684,0.7982,512.1321,123.9159,54.6786,15.3355,3994955.0,80256.0,24.0,2.25,14,1077.0,8013.0,9090.0,0.1172,0.882,0.1329,1645.9279,786.3719,-173.2857,-0.827,15.0,715.0,151.0,35.0,901.0,0.9511,0.0449,253.6667,65.9966,93.3333,59.448,25.0,156,19,29.9,184,20,17.2,131,16,41.2,105,17,52.9,120,10,46.2,145,20,34.8,39,2,82.8,108,4,51.6,87,9,61.1,Below average,33.6585
Barmer,Rajasthan,51299.0,39241.0,90540.0,0.5195,0.4771,1.2117,679.0779,163.943,171.7315,26.7911,3994955.0,196765.0,5.0,2.25,27,2229.0,13294.0,15523.0,0.1425,0.8567,0.1665,1980.676,866.9778,-499.8333,-14.3423,6.0,684.0,259.0,10.0,953.0,0.9885,0.0105,953.0,0.0,0.0,0.0,6.0,154,17,30.8,68,5,69.7,92,8,58.8,7,1,97.3,215,25,3.2,70,3,68.8,140,14,20.8,80,1,64.3,149,14,16.7,Below average,94.9057
Bharatpur,Rajasthan,33010.0,31917.0,64927.0,0.4564,0.5402,0.939,414.1514,97.8255,113.5625,26.0711,3994955.0,141155.0,10.0,2.25,32,1758.0,11665.0,13423.0,0.1295,0.8699,0.1489,2106.9524,380.2994,-278.4286,-8.5237,7.0,1459.0,795.0,31.0,2285.0,0.978,0.02,761.6667,0.0,0.0,0.0,5.0,95,8,57.5,116,9,48.0,103,11,53.8,22,6,90.5,200,20,10.0,114,12,48.9,140,14,20.8,133,8,40.3,149,14,16.7,Above average,28.402
Bhilwara,Rajasthan,23853.0,20353.0,44206.0,0.5165,0.4793,1.2097,300.0255,83.3015,56.5625,26.7519,3994955.0,120019.0,13.0,2.25,32,410.0,4354.0,4764.0,0.086,0.9136,0.0941,2382.0,0.0,0.0,0.0,10.0,907.0,449.0,42.0,1398.0,0.9521,0.0437,349.5,0.0,0.0,0.0,13.0,135,13,39.4,153,14,31.2,166,21,25.3,101,15,54.8,126,12,43.4,71,4,68.3,140,14,20.8,159,15,28.5,149,14,16.7,Below average,31.5983
Bikaner,Rajasthan,23500.0,34344.0,57844.0,0.3947,0.6015,0.6906,514.7668,96.3501,59.781,12.9813,3994955.0,130871.0,12.0,2.2571,27,2289.0,19105.0,21394.0,0.1133,0.8857,0.1293,1881.0917,298.7667,-62.25,-1.2227,13.0,2457.0,1416.0,99.0,3972.0,0.973,0.0256,729.1833,110.4941,83.2,12.0773,9.0,65,5,71.0,126,12,43.4,70,4,68.8,39,9,82.8,179,17,19.5,165,23,25.8,125,13,43.9,136,9,38.9,53,4,76.5,Above average,14.5593
Bundi,Rajasthan,13885.0,13929.0,27814.0,0.4679,0.5279,0.9423,344.2912,75.1109,72.5,21.1783,3994955.0,62857.0,30.0,2.25,17,350.0,3049.0,3399.0,0.1066,0.8921,0.1228,1369.1667,607.0482,-695.5,-40.9144,28.0,458.0,178.0,52.0,688.0,0.9107,0.0829,157.875,19.9758,28.25,25.6818,30.0,166,21,25.3,191,24,14.0,178,23,19.9,170,23,23.5,53,3,76.5,112,11,49.8,84,5,62.4,169,18,24.0,134,13,39.8,Below average,40.3687
Chittorgarh,Rajasthan,15310.0,13589.0,28899.0,0.4915,0.5002,1.0778,193.1475,83.7469,35.3359,57.5784,3994955.0,64836.0,29.0,2.2656,31,368.0,2321.0,2689.0,0.1342,0.8647,0.1556,843.4444,45.8031,79.3333,9.7103,23.0,835.0,701.0,40.0,1576.0,0.9718,0.0262,525.3333,0.0,0.0,0.0,24.0,122,11,45.2,188,23,15.4,188,25,15.4,46,11,79.6,176,15,20.8,85,6,62.0,140,14,20.8,158,14,29.0,149,14,16.7,Below average,18.3253
Churu,Rajasthan,26438.0,32637.0,59075.0,0.432,0.5648,0.827,543.3568,93.3332,58.86,14.4059,3994955.0,133224.0,11.0,2.25,25,2105.0,15521.0,17626.0,0.1198,0.8793,0.137,1510.6189,389.9693,-360.8667,-15.2891,19.0,1641.0,1438.0,75.0,3154.0,0.9752,0.0231,554.8667,69.7399,110.6,21.0201,10.0,77,7,65.6,122,11,45.2,83,7,62.9,31,7,86.4,190,19,14.5,135,17,39.4,96,8,57.0,143,12,35.7,81,8,63.8,Above average,18.7242
Dholpur,Rajasthan,19159.0,13186.0,32345.0,0.5434,0.4537,1.3736,561.4481,136.9861,60.0943,20.3276,3994955.0,74817.0,27.0,2.2642,13,2320.0,11330.0,13650.0,0.1689,0.8302,0.2047,1892.8333,897.7884,-497.0909,-13.6299,17.0,1414.0,594.0,63.0,2071.0,0.9637,0.0336,381.6,46.1034,65.2,16.2594,16.0,99,10,55.7,181,19,18.6,102,10,54.3,71,13,68.3,154,13,30.8,61,1,72.9,111,9,50.2,104,3,53.4,103,11,53.8,Above average,15.6105
Hanumangarh,Rajasthan,16949.0,26786.0,43735.0,0.3705,0.6254,0.6169,553.1882,94.561,51.5921,13.4218,3994955.0,96633.0,18.0,2.25,19,2223.0,18280.0,20503.0,0.1056,0.8935,0.1191,1615.0469,552.578,-330.1765,-11.723,18.0,456.0,284.0,11.0,751.0,0.984,0.0146,751.0,0.0,0.0,0.0,29.0,163,20,26.7,156,15,29.9,73,5,67.4,12,3,95.0,210,23,5.4,176,25,20.8,140,14,20.8,142,11,36.2,149,14,16.7,Below average,58.1582
Jaipur,Rajasthan,64829.0,101896.0,166725.0,0.3902,0.6064,0.6691,528.7088,68.6267,38.8245,9.5331,3994955.0,355884.0,1.0,2.255,78,9481.0,77961.0,87442.0,0.1074,0.8916,0.1211,1535.4802,156.7726,26.0877,2.4477,1.0,4963.0,1851.0,258.0,7072.0,0.9517,0.0453,415.9688,36.8137,52.0625,14.9083,1.0,35,1,84.6,11,1,95.5,10,1,95.9,102,16,54.3,119,9,46.6,169,24,24.0,114,10,48.9,176,21,20.8,113,12,49.3,Top 25%,23.572
Jaisalmer,Rajasthan,11223.0,9589.0,20812.0,0.5057,0.4886,1.1727,383.6619,94.6849,58.102,20.8197,3994955.0,44977.0,33.0,2.2653,13,680.0,5526.0,6206.0,0.1061,0.8932,0.1197,1560.2167,263.0289,-12.0,1.1843,33.0,46.0,74.0,14.0,134.0,0.8889,0.1037,134.0,0.0,0.0,0.0,33.0,212,24,4.5,198,25,10.9,156,19,29.9,188,24,15.4,36,2,84.2,75,5,66.5,140,14,20.8,141,10,36.7,149,14,16.7,Bottom 25%,154.163
Jhalawar,Rajasthan,13385.0,15765.0,29150.0,0.4339,0.5625,0.8087,369.747,110.0119,58.0694,21.4812,3994955.0,80112.0,25.0,2.25,18,719.0,3501.0,4220.0,0.1676,0.8312,0.2027,1775.5333,1253.9995,-1692.4,-53.6904,14.0,112.0,49.0,12.0,173.0,0.9253,0.069,173.0,0.0,0.0,0.0,21.0,209,23,5.9,187,22,15.8,172,22,22.6,156,22,29.9,68,4,69.7,141,19,36.7,140,14,20.8,121,6,45.7,149,14,16.7,Bottom 25%,167.5287
Jodhpur,Rajasthan,47722.0,53691.0,101413.0,0.4495,0.5469,0.8861,581.7838,111.2833,69.3804,15.8188,3994955.0,219033.0,3.0,2.2454,42,2283.0,22379.0,24662.0,0.096,0.9019,0.1073,1088.467,338.3874,-207.3214,-7.8918,3.0,4461.0,1787.0,195.0,6443.0,0.9526,0.0438,519.3788,95.2639,111.5455,22.2549,3.0,44,2,80.5,46,2,79.6,64,3,71.5,100,14,55.2,124,11,44.3,123,13,44.8,92,7,58.8,118,5,47.1,61,5,72.9,Top 25%,15.7376
Karauli,Rajasthan,20045.0,15238.0,35283.0,0.5387,0.4557,1.2831,319.4645,56.9691,42.0,14.673,3994955.0,80971.0,23.0,2.2525,25,446.0,2434.0,2880.0,0.1548,0.8446,0.1831,1747.5,473.9647,-369.0,-16.9421,24.0,960.0,428.0,23.0,1411.0,0.9797,0.0187,585.25,170.0592,240.5,51.7204,17.0,134,12,39.8,172,16,22.6,183,24,17.6,21,5,91.0,202,22,9.0,65,2,71.0,44,3,80.5,193,23,13.1,29,1,87.3,Below average,24.988
Kota,Rajasthan,22041.0,22250.0,44291.0,0.4914,0.5035,1.0522,338.9144,76.1053,58.7931,23.9389,3994955.0,93354.0,20.0,2.2586,30,2620.0,15871.0,18491.0,0.1399,0.8589,0.1635,1005.1742,141.3631,-127.3,-6.767,12.0,37.0,17.0,14.0,68.0,0.7826,0.2029,68.0,0.0,0.0,0.0,19.0,219,25,1.4,152,13,31.7,78,6,65.2,219,25,1.4,3,1,99.1,89,7,60.2,140,14,20.8,167,17,24.9,149,14,16.7,Bottom 25%,641.8986
Nagaur,Rajasthan,43490.0,50204.0,93694.0,0.4331,0.5629,0.8179,442.7963,69.5828,61.5319,14.96,3994955.0,205368.0,4.0,2.25,47,1326.0,10414.0,11740.0,0.1121,0.8866,0.1279,1149.8361,258.2586,-201.5833,-13.6557,8.0,1987.0,1301.0,63.0,3351.0,0.9702,0.0277,684.5833,152.8064,215.0,25.3668,4.0,73,6,67.4,61,4,72.9,111,13,50.2,50,12,77.8,174,14,21.7,138,18,38.0,85,6,62.0,175,20,21.3,35,2,84.6,Above average,27.9517
Pali,Rajasthan,32357.0,42139.0,74496.0,0.4159,0.5802,0.7949,358.0194,72.691,69.0852,22.6445,3994955.0,155910.0,8.0,2.25,44,1103.0,8497.0,9600.0,0.113,0.8862,0.1277,1618.0082,248.8837,-96.8571,-4.8735,22.0,138.0,38.0,11.0,187.0,0.9362,0.0585,187.0,0.0,0.0,0.0,15.0,207,22,6.6,95,8,57.5,128,15,42.5,136,20,38.9,89,6,60.2,146,21,34.4,140,14,20.8,172,19,22.6,149,14,16.7,Bottom 25%,396.2553
Sawai Madhopur,Rajasthan,17222.0,17720.0,34942.0,0.467,0.5268,0.957,318.2464,67.3998,36.4175,14.326,3994955.0,81422.0,22.0,2.2427,26,528.0,4626.0,5154.0,0.1206,0.8765,0.1385,1106.7778,381.9119,-297.3333,-14.0708,31.0,593.0,307.0,10.0,910.0,0.9879,0.011,910.0,0.0,0.0,0.0,22.0,155,18,30.3,174,17,21.7,163,20,26.7,8,2,96.8,214,24,3.6,108,10,51.6,140,14,20.8,180,22,19.0,149,14,16.7,Below average,38.3557
Sikar,Rajasthan,31583.0,45882.0,77465.0,0.4042,0.5911,0.7023,331.8048,49.1082,19.7857,8.0981,3994955.0,161613.0,7.0,2.25,56,1153.0,9582.0,10735.0,0.1002,0.8985,0.1118,1207.3381,100.8953,-2.5556,-4.0576,16.0,712.0,240.0,33.0,985.0,0.9458,0.0497,235.6667,131.0505,185.3333,197.1631,12.0,152,16,31.4,90,6,59.7,117,14,47.5,117,18,47.5,109,8,51.1,159,22,28.5,7,1,97.3,201,24,9.5,45,3,80.1,Below average,78.5649
Sirohi,Rajasthan,12330.0,17348.0,29678.0,0.4317,0.5623,0.8295,347.9391,77.9638,60.68,23.963,3994955.0,70150.0,28.0,2.2533,19,879.0,6319.0,7198.0,0.1262,0.8728,0.1451,1265.4048,402.5553,-268.0,-14.671,32.0,1985.0,2271.0,177.0,4433.0,0.943,0.0547,530.5476,94.9363,148.5714,49.2745,14.0,61,4,72.9,185,21,16.7,147,18,33.9,122,19,45.2,97,7,56.6,134,16,39.8,48,4,78.7,164,16,26.2,62,6,72.4,Above average,6.6933
Tonk,Rajasthan,16132.0,18298.0,34430.0,0.4438,0.5522,0.8515,502.725,107.8013,60.8438,16.5978,3994955.0,79923.0,26.0,2.25,16,1845.0,10341.0,12186.0,0.1357,0.8634,0.159,2042.0,644.6082,-301.2857,-15.337,26.0,635.0,332.0,19.0,986.0,0.9797,0.0193,986.0,0.0,0.0,0.0,27.0,151,15,32.1,178,18,19.9,107,12,52.0,20,4,91.4,201,21,9.5,132,15,40.7,140,14,20.8,124,7,44.3,149,14,16.7,Below average,34.8835
Udaipur,Rajasthan,38162.0,38142.0,76304.0,0.4719,0.5241,1.026,452.405,139.581,44.7654,16.4673,3994955.0,179778.0,6.0,2.2531,41,662.0,6927.0,7589.0,0.0888,0.9097,0.0977,1217.875,448.9482,-275.0,-10.8301,4.0,581.0,370.0,36.0,987.0,0.927,0.0687,493.5,0.0,0.0,0.0,7.0,150,14,32.6,92,7,58.8,143,17,35.7,153,21,31.2,70,5,68.8,94,8,57.9,140,14,20.8,102,2,54.3,149,14,16.7,Below average,77.2308
Chennai,Tamil Nadu,36606.0,65357.0,101963.0,0.3774,0.6165,0.6455,420.0059,66.5965,-5.0,2.08,4698118.0,233031.0,4.0,2.255,64,692.0,6962.0,7654.0,0.0876,0.9109,0.0966,718.8515,65.1937,-38.3636,-4.3778,2.0,231.0,136.0,33.0,400.0,0.9092,0.0831,133.3333,0.0,0.0,0.0,5.0,194,3,12.7,44,4,80.5,142,3,36.2,175,4,21.3,52,5,76.9,170,6,23.5,140,1,20.8,182,3,18.1,149,1,16.7,Bottom 25%,254.2718
Coimbatore,Tamil Nadu,37120.0,79123.0,116243.0,0.3315,0.6621,0.5318,281.7287,54.5888,9.447,9.3886,4698118.0,219722.0,5.0,2.2475,104,347.0,3070.0,3417.0,0.0994,0.8987,0.1104,668.2333,38.9656,8.6,-1.9404,4.0,59.0,19.0,11.0,89.0,0.8667,0.1222,89.0,0.0,0.0,0.0,10.0,216,7,2.7,27,1,88.2,177,6,20.4,201,7,9.5,21,2,91.0,192,8,13.6,140,1,20.8,197,5,11.3,149,1,16.7,Bottom 25%,1291.5889
Kanchipuram,Tamil Nadu,43431.0,60263.0,103694.0,0.4327,0.5597,0.852,278.6303,44.9743,-1.9227,1.9852,4698118.0,233928.0,3.0,2.2507,96,2318.0,17060.0,19378.0,0.1161,0.8828,0.1322,985.95,92.9635,-13.1,-1.3154,3.0,493.0,151.0,35.0,679.0,0.9281,0.0665,226.3333,0.0,0.0,0.0,1.0,168,1,24.4,39,2,82.8,77,2,65.6,149,2,33.0,75,7,66.5,131,3,41.2,140,1,20.8,209,7,5.9,149,1,16.7,Bottom 25%,152.4912
Madurai,Tamil Nadu,36238.0,60584.0,96822.0,0.3905,0.6051,0.7009,476.6557,108.7486,-21.4685,1.5395,4698118.0,213798.0,7.0,2.2523,56,1016.0,6422.0,7438.0,0.1321,0.8666,0.1531,851.2593,37.2154,-31.3333,-3.8612,6.0,156.0,24.0,23.0,203.0,0.8752,0.1148,101.5,0.0,0.0,0.0,6.0,206,5,7.2,53,5,76.5,144,4,35.3,196,6,11.8,27,3,88.2,161,5,27.6,140,1,20.8,123,2,44.8,149,1,16.7,Bottom 25%,474.6176
Sivaganga,Tamil Nadu,15159.0,24765.0,39924.0,0.3976,0.5909,0.7279,171.8665,41.5401,-6.2892,-0.1788,4698118.0,95190.0,25.0,2.245,66,29.0,354.0,383.0,0.0755,0.9219,0.0817,477.5,133.6432,-189.0,-33.042,28.0,70.0,13.0,10.0,93.0,0.883,0.1064,93.0,0.0,0.0,0.0,23.0,214,6,3.4,166,8,25.3,220,8,0.9,193,5,13.1,33,4,85.5,154,4,30.8,140,1,20.8,211,8,5.0,149,1,16.7,Bottom 25%,424.7234
Thanjavur,Tamil Nadu,24669.0,50621.0,75290.0,0.3436,0.6479,0.5722,224.9996,65.9988,-16.0319,1.1928,4698118.0,169567.0,12.0,2.2553,97,120.0,1148.0,1268.0,0.0945,0.9039,0.1043,681.9167,73.8563,-57.5,-7.6769,11.0,35.0,10.0,11.0,56.0,0.7895,0.193,56.0,0.0,0.0,0.0,12.0,221,8,0.5,94,7,57.9,207,7,6.8,218,8,1.8,4,1,98.6,180,7,19.0,140,1,20.8,184,4,17.2,149,1,16.7,Bottom 25%,1320.8772
Tiruvallur,Tamil Nadu,44149.0,59407.0,103556.0,0.4483,0.5446,0.8989,348.3874,110.5128,-12.0446,58.1631,4698118.0,240690.0,1.0,2.2516,77,2778.0,22813.0,25591.0,0.106,0.8929,0.1192,1186.0964,119.352,11.2857,-0.5616,1.0,261.0,75.0,10.0,346.0,0.9683,0.0288,346.0,0.0,0.0,0.0,2.0,197,4,11.3,40,3,82.4,60,1,73.3,57,1,74.7,168,8,24.4,122,1,45.2,140,1,20.8,120,1,46.2,149,1,16.7,Bottom 25%,298.4323
Vellore,Tamil Nadu,35203.0,43591.0,78794.0,0.439,0.5518,0.8619,211.4426,53.0261,-15.4522,-2.3392,4698118.0,191803.0,10.0,2.2464,107,426.0,3039.0,3465.0,0.1221,0.8765,0.1396,710.07,41.501,-15.8,-2.0709,7.0,367.0,102.0,41.0,510.0,0.911,0.0828,170.0,0.0,0.0,0.0,9.0,184,2,17.2,87,6,61.1,175,5,21.3,169,3,24.0,54,6,76.0,127,2,43.0,140,1,20.8,198,6,10.9,149,1,16.7,Bottom 25%,154.1957
Hyderabad,Telangana,49966.0,48701.0,98667.0,0.5008,0.4933,1.0443,389.661,47.8865,40.1126,9.7455,1737654.0,228541.0,2.0,2.2554,60,10619.0,67258.0,77877.0,0.138,0.8611,0.1611,1228.4153,180.7075,126.8246,13.1043,2.0,6877.0,2485.0,325.0,9687.0,0.9395,0.0566,400.1667,46.374,70.0909,31.8508,1.0,17,1,92.5,50,2,77.8,15,1,93.4,128,1,42.3,93,3,58.1,91,1,59.3,70,2,68.6,206,2,7.2,101,1,54.5,Top 10%,10.1845
Medchal-Malkajgiri,Telangana,5041.0,7738.0,12779.0,0.408,0.5815,0.8533,140.0331,44.1854,3.2022,10.8268,1737654.0,35599.0,11.0,2.2584,24,2751.0,13995.0,16746.0,0.1644,0.835,0.1973,1421.8556,731.5184,321.0,192.1516,4.0,485.0,290.0,45.0,820.0,0.922,0.0732,243.0,42.8978,60.6667,52.2989,8.0,162,2,27.1,209,3,5.9,87,3,61.1,160,2,28.1,62,2,72.4,130,3,41.6,42,1,81.4,210,3,5.4,106,2,52.5,Below average,15.5652
Sangareddy,Telangana,54671.0,65784.0,120455.0,0.4592,0.5316,0.9253,244.7766,50.8499,25.2316,17.2729,1737654.0,273446.0,1.0,2.2628,116,6114.0,33874.0,39988.0,0.1536,0.8455,0.1822,1070.4843,139.2602,108.0294,12.1229,1.0,340.0,118.0,38.0,496.0,0.8687,0.1219,165.3333,0.0,0.0,0.0,2.0,185,3,16.7,25,1,89.1,39,2,82.8,200,3,10.0,23,1,90.0,118,2,47.1,140,3,20.8,200,1,10.0,149,3,16.7,Bottom 25%,242.3642
Aligarh,Uttar Pradesh,75455.0,26949.0,102404.0,0.7525,0.2445,3.4241,707.0388,143.07,49.5571,11.4821,9577735.0,199500.0,8.0,2.25,35,3021.0,29936.0,32957.0,0.0919,0.908,0.1012,9845.8611,1313.8831,1240.3333,13.3027,7.0,6901.0,6349.0,386.0,13636.0,0.9438,0.0521,461.3567,242.6971,209.15,114.7215,6.0,8,3,96.8,43,5,81.0,51,13,77.4,121,27,45.7,103,5,53.8,2,2,99.5,24,7,89.6,95,16,57.5,15,6,93.7,Top 10%,7.5093
Amroha,Uttar Pradesh,33230.0,12123.0,45353.0,0.7198,0.2775,3.0231,898.332,223.6361,30.9,13.5951,9577735.0,92849.0,49.0,2.24,13,1266.0,12054.0,13320.0,0.0955,0.9043,0.1055,3830.5833,658.5194,534.0,15.1119,42.0,763.0,375.0,21.0,1159.0,0.9802,0.0181,579.75,0.3536,-0.5,-0.0862,48.0,144,28,35.3,150,28,32.6,104,20,53.4,19,7,91.9,203,24,8.6,6,4,97.7,213,30,4.1,46,8,79.6,148,24,33.5,Below average,39.0974
Baghpat,Uttar Pradesh,16819.0,9499.0,26318.0,0.6502,0.3456,1.9579,460.6583,95.3457,1.7667,8.5304,9577735.0,58037.0,69.0,2.25,15,732.0,4722.0,5454.0,0.1342,0.8655,0.155,2727.0,0.0,0.0,0.0,66.0,490.0,675.0,45.0,1210.0,0.958,0.0392,375.1667,39.8337,56.3333,23.0874,58.0,142,27,36.2,192,30,13.6,160,27,28.1,84,23,62.4,138,8,38.0,35,17,84.6,89,18,60.2,140,26,37.1,110,22,50.7,Below average,21.7325
Balrampur,Uttar Pradesh,66290.0,33815.0,100105.0,0.6273,0.3684,1.8894,1151.8729,269.0272,-30.3438,7.3002,9577735.0,227054.0,4.0,2.25,24,4379.0,53765.0,58144.0,0.079,0.9208,0.0863,6181.1479,1135.8419,736.375,13.8913,4.0,7346.0,7397.0,300.0,15043.0,0.976,0.0225,818.7604,125.6023,179.1875,28.5532,3.0,6,1,97.7,49,7,78.3,23,4,90.0,26,10,88.7,193,20,13.1,39,18,82.8,76,17,66.1,34,4,85.1,47,16,79.2,Top 10%,6.6541
Barabanki,Uttar Pradesh,53686.0,25699.0,79385.0,0.617,0.3785,2.0241,500.6606,140.6794,9.5875,65.4017,9577735.0,169466.0,22.0,2.2625,37,676.0,8820.0,9496.0,0.0821,0.9175,0.0911,2049.625,499.9749,389.25,25.866,32.0,1212.0,764.0,62.0,2038.0,0.9597,0.0376,509.5,0.0,0.0,0.0,36.0,101,21,54.8,83,15,62.9,129,23,42.1,80,22,64.3,143,9,35.7,31,15,86.4,140,24,20.8,100,18,55.2,149,25,16.7,Above average,38.9333
Bareilly,Uttar Pradesh,84419.0,30466.0,114885.0,0.7043,0.2927,2.8864,1166.0668,193.6721,67.5979,13.1933,9577735.0,234808.0,3.0,2.2577,25,4862.0,45494.0,50356.0,0.0979,0.9017,0.1087,2870.6448,126.4076,94.4706,3.8762,2.0,7395.0,4153.0,232.0,11780.0,0.9749,0.0237,916.744,176.2349,-57.8571,0.5167,5.0,11,5,95.5,29,2,87.3,30,5,86.9,32,12,86.0,187,17,15.8,8,6,96.8,139,23,37.6,56,11,75.1,27,11,88.2,Top 10%,9.7517
Bijnor,Uttar Pradesh,75145.0,35970.0,111115.0,0.6798,0.3173,2.2933,917.0395,171.9035,80.9909,13.2385,9577735.0,217048.0,6.0,2.2545,28,5264.0,54035.0,59299.0,0.0875,0.9122,0.096,2835.8287,453.3769,407.0,17.9037,5.0,1351.0,432.0,39.0,1822.0,0.9765,0.0218,607.3333,0.0,0.0,0.0,25.0,113,23,49.3,32,3,86.0,22,3,90.5,25,9,89.1,197,22,11.3,20,10,91.4,140,24,20.8,70,15,68.8,149,25,16.7,Below average,60.9517
Budaun,Uttar Pradesh,34104.0,14613.0,48717.0,0.6371,0.3562,2.0921,522.0006,95.4678,61.1222,23.6964,9577735.0,110318.0,37.0,2.2667,24,1064.0,9998.0,11062.0,0.0962,0.9037,0.1064,6061.8333,525.3887,-455.0,-7.0641,10.0,2529.0,2504.0,89.0,5122.0,0.9806,0.018,730.8889,176.4388,222.1667,45.154,27.0,55,18,75.6,142,25,36.2,113,21,49.3,18,6,92.3,204,25,8.1,29,14,87.3,53,9,76.5,138,25,38.0,26,10,88.7,Top 25%,9.5095
Bulandshahr,Uttar Pradesh,69010.0,23285.0,92295.0,0.7155,0.279,3.0773,631.6806,103.1434,39.8571,10.7934,9577735.0,181052.0,16.0,2.2571,38,4370.0,37850.0,42220.0,0.1065,0.8932,0.1199,3844.7343,473.9832,164.4,4.3411,9.0,1382.0,1573.0,74.0,3029.0,0.969,0.0294,670.2917,135.3325,104.0,172.9991,24.0,81,19,63.8,66,9,70.6,37,8,83.7,55,18,75.6,165,13,25.8,5,3,98.2,10,3,95.9,129,23,42.1,44,15,80.5,Above average,30.4604
Etawah,Uttar Pradesh,24879.0,13326.0,38205.0,0.6344,0.3623,1.8638,582.6122,116.6024,49.4688,19.2896,9577735.0,79095.0,58.0,2.25,16,1270.0,8672.0,9942.0,0.1277,0.8719,0.1464,2439.2667,48.8945,35.0,1.4469,60.0,899.0,682.0,32.0,1613.0,0.9773,0.0213,698.25,153.0886,216.5,36.6949,57.0,121,25,45.7,169,29,24.0,125,22,43.9,24,8,89.6,198,23,10.9,42,20,81.4,64,11,71.5,114,21,48.9,34,12,85.1,Below average,23.671
Fatehpur,Uttar Pradesh,52850.0,30487.0,83337.0,0.6049,0.3907,1.7303,609.6808,104.1695,54.6767,25.1808,9577735.0,174669.0,18.0,2.2556,34,1026.0,7872.0,8898.0,0.1153,0.8845,0.1303,4536.5,134.868,-105.0,-2.2537,22.0,3653.0,3207.0,143.0,7003.0,0.9727,0.0253,620.65,93.3057,136.3,19.668,18.0,36,14,84.2,78,13,65.2,132,24,40.7,42,16,81.4,183,16,17.6,49,22,78.3,100,20,55.2,126,22,43.4,63,19,71.9,Top 25%,11.8985
Firozabad,Uttar Pradesh,43597.0,14931.0,58528.0,0.6366,0.3544,2.4478,676.7386,189.6854,31.0233,23.3362,9577735.0,113767.0,35.0,2.2674,23,3323.0,35361.0,38684.0,0.084,0.9159,0.0918,10990.9722,2177.2379,1615.0,17.743,25.0,3508.0,1849.0,31.0,5388.0,0.9889,0.0101,991.8333,1002.5745,1090.3333,703.0932,31.0,52,17,76.9,123,21,44.8,44,11,80.5,6,1,97.7,216,30,2.7,15,8,93.7,3,1,99.1,59,12,73.8,1,1,100.0,Top 25%,10.8606
Gautam Buddha Nagar,Uttar Pradesh,24137.0,22076.0,46213.0,0.5553,0.4375,1.4862,529.192,77.3662,19.0805,6.2694,9577735.0,89441.0,53.0,2.2529,22,6878.0,60671.0,67549.0,0.1042,0.8953,0.1164,2714.4951,241.9001,189.8696,9.2081,21.0,4256.0,4751.0,402.0,9409.0,0.957,0.0413,536.9419,209.6141,169.75,38.3202,21.0,20,8,91.4,148,27,33.5,18,2,92.3,86,24,61.5,133,7,40.3,58,26,74.2,59,10,73.8,166,29,25.3,21,9,91.0,Top 10%,4.9111
Ghaziabad,Uttar Pradesh,53415.0,48484.0,101899.0,0.5404,0.456,1.4783,861.6688,128.5911,71.9732,11.1296,9577735.0,192022.0,9.0,2.25,28,7710.0,72061.0,79771.0,0.0972,0.9024,0.1079,3235.2087,205.2579,128.0833,4.6,3.0,3803.0,3921.0,138.0,7862.0,0.9705,0.0273,550.6481,335.9305,367.4444,158.7087,14.0,30,12,86.9,45,6,80.1,13,1,94.6,48,17,78.7,175,14,21.3,59,27,73.8,13,4,94.6,106,19,52.5,10,4,95.9,Top 25%,12.9593
Hardoi,Uttar Pradesh,69153.0,25602.0,94755.0,0.7245,0.2741,2.772,1103.9699,205.8571,-0.3587,8.4029,9577735.0,205097.0,7.0,2.25,23,360.0,2961.0,3321.0,0.1084,0.8913,0.1215,3687.0,517.6022,-732.0,-18.0607,24.0,5212.0,5698.0,119.0,11029.0,0.9835,0.0152,1076.6667,210.4036,297.5556,30.73,8.0,13,6,94.6,57,8,74.7,179,29,19.5,14,4,94.1,208,27,6.3,10,7,95.9,72,13,67.9,53,9,76.5,20,8,91.4,Top 10%,8.5907
Jhansi,Uttar Pradesh,30662.0,20641.0,51303.0,0.5841,0.4112,1.5069,557.6596,92.5123,49.4444,14.8577,9577735.0,112005.0,36.0,2.2556,23,159.0,1420.0,1579.0,0.1006,0.8987,0.1119,1608.0,41.0122,-58.0,-3.5431,55.0,78.0,76.0,13.0,167.0,0.9167,0.0774,167.0,0.0,0.0,0.0,56.0,211,30,5.0,136,23,38.9,202,30,9.0,165,30,25.8,59,1,73.8,56,25,75.1,140,24,20.8,149,27,33.0,149,25,16.7,Bottom 25%,305.375
Kanpur Nagar,Uttar Pradesh,41974.0,45989.0,87963.0,0.488,0.5069,1.1093,492.3919,82.6918,47.8512,14.2199,9577735.0,181438.0,14.0,2.25,43,1690.0,21400.0,23090.0,0.0734,0.9264,0.0793,4148.7833,745.2996,450.8,11.7645,11.0,3876.0,4760.0,403.0,9039.0,0.9297,0.0659,292.8007,93.0494,80.6957,51.8838,9.0,23,10,90.0,72,10,67.9,69,15,69.2,147,29,33.9,77,2,65.6,78,30,65.2,43,8,81.0,160,28,28.1,64,20,71.5,Top 10%,9.7304
Kaushambi,Uttar Pradesh,40365.0,9835.0,50200.0,0.7579,0.2384,3.9125,883.3408,228.5354,57.7679,16.4349,9577735.0,97595.0,47.0,2.25,14,1102.0,6566.0,7668.0,0.1437,0.8561,0.1678,3201.0833,626.425,542.5,19.7344,49.0,716.0,618.0,46.0,1380.0,0.9384,0.0568,345.0,0.0,0.0,0.0,54.0,136,26,38.9,138,24,38.0,141,25,36.7,132,28,40.7,92,3,58.8,1,1,100.0,140,24,20.8,44,7,80.5,149,25,16.7,Below average,36.3505
Kushinagar,Uttar Pradesh,37441.0,31555.0,68996.0,0.5184,0.4783,1.143,853.3561,205.67,104.5974,36.5664,9577735.0,147905.0,26.0,2.2597,19,2168.0,14136.0,16304.0,0.133,0.8669,0.1533,7727.0,655.0731,510.0,7.1509,14.0,949.0,1006.0,24.0,1979.0,0.9818,0.0167,989.5,0.0,0.0,0.0,32.0,104,22,53.4,109,18,51.1,90,18,59.7,17,5,92.8,205,26,7.7,76,29,66.1,140,24,20.8,54,10,76.0,149,25,16.7,Above average,34.8465
Lucknow,Uttar Pradesh,60571.0,47978.0,108549.0,0.5445,0.4499,1.3497,536.2516,96.6373,50.7979,17.4139,9577735.0,217390.0,5.0,2.2487,50,3332.0,36293.0,39625.0,0.0874,0.9122,0.0959,2516.4595,393.1128,241.1429,10.2511,6.0,3264.0,3258.0,280.0,6802.0,0.9441,0.0524,312.8194,72.9528,70.7778,30.0859,7.0,39,15,82.8,35,4,84.6,40,9,82.4,120,26,46.2,102,4,54.3,64,28,71.5,74,15,67.0,134,24,39.8,78,21,65.2,Top 25%,15.956
Mathura,Uttar Pradesh,38566.0,19813.0,58379.0,0.6561,0.3397,2.1448,527.1929,74.156,35.0093,13.6512,9577735.0,119417.0,34.0,2.2593,28,636.0,5694.0,6330.0,0.096,0.9035,0.1069,2097.9444,188.9873,40.3333,1.4094,33.0,600.0,1041.0,42.0,1683.0,0.9598,0.0366,401.0,27.9307,39.5,29.0441,34.0,117,24,47.5,124,22,44.3,155,26,30.3,78,21,65.2,147,11,33.9,28,13,87.8,75,16,66.5,171,30,23.1,124,23,44.3,Below average,34.6669
Meerut,Uttar Pradesh,49031.0,31049.0,80080.0,0.6364,0.3609,1.8832,992.7744,176.7583,-37.5341,-1.1451,9577735.0,173652.0,19.0,2.25,22,2148.0,21311.0,23459.0,0.0923,0.9075,0.1016,4518.7167,359.8827,81.6,0.3014,15.0,5405.0,3795.0,141.0,9341.0,0.9747,0.0237,924.8889,141.1408,147.4444,12.9281,12.0,21,9,91.0,82,14,63.3,67,14,70.1,34,13,85.1,188,18,15.4,40,19,82.4,122,22,45.2,67,14,70.1,41,13,81.9,Top 10%,8.572
Moradabad,Uttar Pradesh,44616.0,27699.0,72315.0,0.62,0.3751,1.9758,1216.9862,262.0296,-1.7188,4.7056,9577735.0,160474.0,23.0,2.25,16,4358.0,45414.0,49772.0,0.0879,0.912,0.0966,11476.5917,792.9934,1171.5,10.3495,16.0,6981.0,3329.0,156.0,10466.0,0.9602,0.0372,1831.5667,336.9169,384.2,22.6801,15.0,16,7,93.2,104,17,53.4,31,6,86.4,77,20,65.6,144,10,35.3,34,16,85.1,91,19,59.3,38,6,83.3,9,3,96.4,Top 10%,6.9089
Muzaffarnagar,Uttar Pradesh,60154.0,27429.0,87583.0,0.6735,0.3238,2.2876,886.7205,181.2313,101.2812,35.8507,9577735.0,169851.0,21.0,2.25,24,1793.0,16134.0,17927.0,0.1016,0.8982,0.1136,3337.8967,191.8146,287.2,8.555,27.0,1705.0,912.0,59.0,2676.0,0.9746,0.0236,588.25,114.1977,161.5,30.6707,33.0,88,20,60.6,73,11,67.4,82,17,63.3,35,14,84.6,189,19,14.9,21,11,91.0,73,14,67.4,64,13,71.5,50,17,77.8,Above average,32.7168
Pilibhit,Uttar Pradesh,46666.0,18884.0,65550.0,0.6854,0.3123,2.4011,1915.5301,293.9552,21.3611,8.5568,9577735.0,135630.0,30.0,2.25,9,3406.0,36022.0,39428.0,0.0866,0.9133,0.0948,6045.7,730.0946,371.1667,7.4254,26.0,4613.0,2636.0,102.0,7351.0,0.9847,0.0143,979.119,100.9081,112.4286,13.1718,29.0,32,13,86.0,115,20,48.4,42,10,81.4,11,3,95.5,211,28,5.0,18,9,92.3,121,21,45.7,29,2,87.3,56,18,75.1,Top 25%,8.9159
Prayagraj,Uttar Pradesh,188476.0,86506.0,274982.0,0.6305,0.3632,2.1638,622.6139,358.6781,72.9505,315.4184,9577735.0,514181.0,1.0,2.255,70,1849.0,13009.0,14858.0,0.1318,0.8676,0.152,2597.5278,248.3628,-42.8333,-4.7658,1.0,7054.0,6103.0,368.0,13525.0,0.9527,0.0445,386.0684,226.3671,199.5909,179.2849,1.0,9,4,96.4,3,1,99.1,96,19,57.0,99,25,55.7,122,6,45.2,26,12,88.7,8,2,96.8,16,1,93.2,18,7,92.3,Top 10%,20.3299
Saharanpur,Uttar Pradesh,50364.0,35454.0,85818.0,0.593,0.4019,1.5534,1012.0798,142.7165,36.1395,9.3681,9577735.0,190716.0,10.0,2.2558,22,4127.0,42368.0,46495.0,0.0864,0.9134,0.0948,6127.8214,459.1249,570.4286,9.3369,13.0,4482.0,1970.0,57.0,6509.0,0.9873,0.0118,1022.25,697.572,666.75,153.9984,19.0,42,16,81.4,77,12,65.6,33,7,85.5,10,2,95.9,212,29,4.5,54,23,76.0,14,5,94.1,96,17,57.0,3,2,99.1,Top 25%,13.1825
Shahjahanpur,Uttar Pradesh,50142.0,17889.0,68031.0,0.7354,0.262,3.0183,1102.857,268.441,-1.1493,14.7442,9577735.0,154488.0,24.0,2.2537,17,2240.0,30903.0,33143.0,0.0657,0.9342,0.0709,10583.8889,401.6433,695.6667,6.7201,23.0,7451.0,6522.0,290.0,14263.0,0.9732,0.0254,811.4056,136.8949,201.7333,32.2144,11.0,7,2,97.3,111,19,50.2,50,12,77.8,37,15,83.7,182,15,18.1,7,5,97.3,69,12,69.2,36,5,84.2,43,14,81.0,Top 10%,4.7694
Shamli,Uttar Pradesh,30324.0,16755.0,47079.0,0.6194,0.3781,1.7909,1234.6233,277.7661,4.725,6.3273,9577735.0,103134.0,43.0,2.25,10,2076.0,16254.0,18330.0,0.1132,0.8865,0.1276,2846.4444,195.1358,101.6667,3.6595,52.0,374.0,151.0,12.0,537.0,0.9758,0.0223,537.0,0.0,0.0,0.0,49.0,180,29,19.0,143,26,35.7,80,16,64.3,28,11,87.8,194,21,12.7,47,21,79.2,140,24,20.8,33,3,85.5,149,25,16.7,Bottom 25%,87.5074
Unnao,Uttar Pradesh,45836.0,27035.0,72871.0,0.5723,0.4218,1.5222,766.2619,117.8247,31.8947,13.6599,9577735.0,146390.0,27.0,2.2737,26,365.0,3185.0,3550.0,0.1028,0.8969,0.1146,3561.3333,9.815,-17.0,-0.4766,31.0,3707.0,4052.0,173.0,7932.0,0.9666,0.0317,623.1852,323.4864,266.2222,141.3469,20.0,29,11,87.3,101,16,54.8,174,28,21.7,61,19,72.9,161,12,27.6,55,24,75.6,17,6,92.8,113,20,49.3,11,5,95.5,Top 25%,9.1858
Dehradun,Uttarakhand,20659.0,31358.0,52017.0,0.3936,0.5988,0.6834,363.8274,80.6244,56.5,24.1781,764765.0,129280.0,3.0,2.2576,34,2074.0,22197.0,24271.0,0.0914,0.9076,0.101,1552.4256,123.5922,99.2667,2.399,2.0,2445.0,676.0,102.0,3223.0,0.9365,0.0617,509.5333,360.8634,363.75,169.3534,1.0,76,1,66.1,135,1,39.4,66,1,70.6,135,2,39.4,85,2,62.0,166,3,25.3,12,3,95.0,163,2,26.7,8,3,96.8,Above average,16.1343
Haridwar,Uttarakhand,21428.0,22005.0,43433.0,0.4828,0.5137,0.9533,503.2088,96.591,82.75,21.531,764765.0,135531.0,2.0,2.25,19,649.0,5460.0,6109.0,0.1098,0.8896,0.1234,2001.8333,48.2952,67.6667,2.0803,3.0,565.0,156.0,11.0,732.0,0.9836,0.015,396.0,475.1758,672.0,1120.0,2.0,164,2,26.2,158,2,29.0,157,3,29.4,13,1,94.6,209,3,5.9,109,1,51.1,1,1,100.0,135,1,39.4,5,1,98.2,Below average,59.2538
Nainital,Uttarakhand,11258.0,13817.0,25075.0,0.4271,0.5639,0.7789,345.4692,61.4337,15.6338,10.1769,764765.0,69361.0,4.0,2.2535,19,2796.0,17594.0,20390.0,0.1382,0.8615,0.1608,3871.6833,162.8188,149.2,3.8729,4.0,488.0,66.0,48.0,602.0,0.9187,0.0796,338.5,372.6453,527.0,702.6667,4.0,177,3,20.4,194,3,12.7,74,2,67.0,162,3,27.1,57,1,74.7,149,2,33.0,4,2,98.6,187,3,15.8,6,2,97.7,Bottom 25%,41.5837
Birbhum,West Bengal,23310.0,26678.0,49988.0,0.4563,0.5378,0.8638,269.2137,60.7567,24.0833,15.064,2524605.0,110194.0,10.0,2.256,44,1393.0,12354.0,13747.0,0.1027,0.8962,0.1158,935.644,141.4042,63.7857,10.0658,13.0,918.0,285.0,65.0,1268.0,0.9372,0.0593,322.7083,17.3061,-5.0,-0.9404,12.0,138,4,38.0,139,5,37.6,101,4,54.8,133,8,40.3,86,3,61.5,125,2,43.9,214,9,3.6,188,6,15.4,136,4,38.9,Below average,39.3916
Cooch Behar,West Bengal,11674.0,17796.0,29470.0,0.3715,0.6168,0.6451,138.8533,56.0251,7.3632,40.0955,2524605.0,58365.0,17.0,2.2736,37,597.0,5128.0,5725.0,0.1063,0.8931,0.119,1607.5556,376.4117,399.6667,41.9473,8.0,3409.0,2837.0,273.0,6519.0,0.9395,0.0569,325.9167,112.083,143.2,95.9923,7.0,41,3,81.9,186,8,16.3,159,6,28.5,130,7,41.6,91,4,59.3,171,8,23.1,28,1,87.8,196,8,11.8,51,2,77.4,Top 25%,4.5199
Hooghly,West Bengal,40197.0,46008.0,86205.0,0.4391,0.5534,0.8557,207.3543,38.5529,30.6961,14.6928,2524605.0,161308.0,6.0,2.2541,94,258.0,2694.0,2952.0,0.0817,0.9168,0.0892,647.875,89.2006,77.25,11.0043,11.0,177.0,111.0,12.0,300.0,0.9568,0.0399,300.0,0.0,0.0,0.0,11.0,200,9,10.0,76,3,66.1,182,8,18.1,89,2,60.2,135,9,39.4,128,3,42.5,140,4,20.8,213,9,4.1,149,6,16.7,Bottom 25%,286.3953
Malda,West Bengal,19031.0,30843.0,49874.0,0.3495,0.6427,0.5668,257.7622,109.0952,30.3966,69.0801,2524605.0,109535.0,11.0,2.2816,32,4036.0,34416.0,38452.0,0.1029,0.8966,0.1148,2171.7667,229.3859,34.1111,1.2607,6.0,421.0,207.0,20.0,648.0,0.9644,0.0324,360.0,50.9117,-72.0,-18.1818,9.0,170,6,23.5,140,6,37.1,45,3,80.1,65,1,71.0,159,10,28.5,183,9,17.6,221,10,0.5,122,1,45.2,96,3,57.0,Bottom 25%,76.8475
North 24 Parganas,West Bengal,52471.0,67879.0,120350.0,0.3883,0.6028,0.7231,184.7116,59.9181,17.9131,47.7238,2524605.0,238563.0,2.0,2.2555,136,246.0,2493.0,2739.0,0.0895,0.9094,0.0983,921.6667,7.5056,-13.0,-1.215,3.0,3797.0,2720.0,588.0,7105.0,0.8704,0.1214,183.6712,17.1422,16.7838,14.2342,3.0,34,2,85.1,26,2,88.7,187,9,15.8,199,9,10.4,24,2,89.6,155,6,30.3,118,3,47.1,189,7,14.9,138,5,38.0,Top 25%,16.9364
North Dinajpur,West Bengal,16752.0,27050.0,43802.0,0.3952,0.5963,0.6929,415.709,90.596,64.1354,68.9613,2524605.0,92951.0,14.0,2.2708,24,6944.0,81916.0,88860.0,0.08,0.9195,0.0873,2539.9719,503.497,525.8966,25.8289,4.0,9817.0,6653.0,520.0,16990.0,0.9464,0.0518,808.3658,154.8464,135.0,48.8924,1.0,4,1,98.6,155,7,30.3,9,1,96.4,114,5,48.9,104,5,53.4,164,7,26.2,50,2,77.8,152,4,31.7,33,1,85.5,Top 10%,2.578
Paschim Medinipur,West Bengal,34578.0,41912.0,76490.0,0.4277,0.563,0.8145,176.1019,63.003,23.4274,53.0662,2524605.0,167807.0,5.0,2.2665,79,467.0,4206.0,4673.0,0.1,0.899,0.1117,919.9167,322.2654,350.25,62.0049,5.0,325.0,300.0,20.0,645.0,0.9448,0.0502,322.5,0.0,0.0,0.0,5.0,172,7,22.6,91,4,59.3,167,7,24.9,118,6,47.1,108,6,51.6,140,4,37.1,140,4,20.8,186,5,16.3,149,6,16.7,Bottom 25%,118.4056
Purba Bardhaman,West Bengal,2297.0,4453.0,6750.0,0.3466,0.6333,0.5618,56.9219,8.291,0.9145,4.1883,2524605.0,12845.0,20.0,2.3162,41,179.0,1286.0,1465.0,0.1201,0.8778,0.1368,462.1111,38.9555,40.6667,9.0337,20.0,28.0,18.0,12.0,58.0,0.7797,0.2034,58.0,0.0,0.0,0.0,21.0,220,10,0.9,216,10,2.7,205,10,7.7,220,10,0.9,2,1,99.5,185,10,16.7,140,4,20.8,221,10,0.5,149,6,16.7,Bottom 25%,114.4068
South 24 Parganas,West Bengal,61163.0,68687.0,129850.0,0.4144,0.5774,0.8027,274.8843,103.8221,26.5857,52.5855,2524605.0,258018.0,1.0,2.2524,85,7256.0,68809.0,76065.0,0.0985,0.9009,0.1104,1954.0796,229.6924,86.9737,6.0103,1.0,364.0,104.0,22.0,490.0,0.9532,0.0448,490.0,0.0,0.0,0.0,2.0,186,8,16.3,21,1,91.0,17,2,92.8,97,4,56.6,121,7,45.7,143,5,35.7,140,4,20.8,127,2,43.0,149,6,16.7,Bottom 25%,264.4603
South Dinajpur,West Bengal,12704.0,11168.0,23872.0,0.4803,0.509,1.0621,218.3227,95.3553,44.3871,112.5882,2524605.0,46784.0,18.0,2.2796,21,681.0,7541.0,8222.0,0.0838,0.9154,0.0916,1213.9278,186.7918,275.0,29.5218,18.0,886.0,298.0,48.0,1232.0,0.954,0.0432,410.6667,0.0,0.0,0.0,19.0,141,5,36.7,197,9,11.3,138,5,38.0,93,3,58.4,127,8,43.0,88,1,60.6,140,4,20.8,139,3,37.6,149,6,16.7,Below average,19.3609
